Date,Temp_1,Temp_2
1/1/81,21.66,21.62
1/2/81,17.9,16.48
1/3/81,18.91,18.2
1/4/81,14.8,15.54
1/5/81,15.8,16.39
1/6/81,16.45,15.8
1/7/81,15.98,14.05
1/8/81,16.44,18.04
1/9/81,21.21,21.8
1/10/81,20.05,20.21
1/11/81,16.2,16.2
1/12/81,13.3,13.3
1/13/81,16.7,16.7
1/14/81,21.82,19.72
1/15/81,25.44,24.52
1/16/81,20.7,20.7
1/17/81,20.6,20.03
1/18/81,24.8,25.16
1/19/81,17.7,17.68
1/20/81,15.5,17.06
1/21/81,18.2,18.89
1/22/81,11.22,12.22
1/23/81,14.4,13.57
1/24/81,16.34,16.43
1/25/81,16.5,16.5
1/26/81,17.88,18.06
1/27/81,19.4,19.4
1/28/81,17.08,17.2
1/29/81,15.28,15.53
1/30/81,14.76,14.48
1/31/81,15.94,14.64
2/1/81,15.3,14.57
2/2/81,17.95,18.8
2/3/81,22.75,20.42
2/4/81,20.25,20.25
2/5/81,16.79,17.23
2/6/81,16.65,15.36
2/7/81,13.93,14.25
2/8/81,16.58,16.07
2/9/81,25,24.95
2/10/81,15,15.79
2/11/81,13.74,13.7
2/12/81,13.12,13.38
2/13/81,18.51,17.47
2/14/81,22,22
2/15/81,22.2,22.1
2/16/81,21.03,19.91
2/17/81,18.4,18.34
2/18/81,16.43,18.13
2/19/81,15.34,15.74
2/20/81,15.7,16.73
2/21/81,17.03,18.45
2/22/81,16.49,15.07
2/23/81,13.74,14.4
2/24/81,15.37,14.4
2/25/81,19.37,17.55
2/26/81,16.33,17.71
2/27/81,18.26,17.5
2/28/81,20.53,21.06
3/1/81,17.8,18.41
3/2/81,19.28,19.39
3/3/81,16.03,17.99
3/4/81,16,14.12
3/5/81,12.53,13.3
3/6/81,14.91,12.71
3/7/81,11.4,12.48
3/8/81,16.3,16.3
3/9/81,15.2,17.22
3/10/81,12.22,13.61
3/11/81,12.75,13.32
3/12/81,14.7,15.98
3/13/81,11.8,11.8
3/14/81,11.3,10.66
3/15/81,11.47,10.6
3/16/81,12.04,11.02
3/17/81,14.2,13.43
3/18/81,11.05,9.49
3/19/81,16.9,15.24
3/20/81,16.7,17.76
3/21/81,8.1,8.1
3/22/81,8.02,8
3/23/81,9.74,9.08
3/24/81,14.3,12.93
3/25/81,10.41,11.11
3/26/81,13.4,12.63
3/27/81,10.13,10.92
3/28/81,15.65,16.5
3/29/81,14.84,15.18
3/30/81,13.84,14.88
3/31/81,15.8,14.84
4/1/81,16.07,17.24
4/2/81,17.36,18.41
4/3/81,17.75,17.58
4/4/81,17.77,17.82
4/5/81,17.68,17.92
4/6/81,16.84,16.84
4/7/81,10,9.12
4/8/81,14.9,13.34
4/9/81,15.5,15.9
4/10/81,13.64,13.93
4/11/81,6.96,8.36
4/12/81,11.28,11.07
4/13/81,14.5,13.63
4/14/81,13.46,14.3
4/15/81,12.68,13.74
4/16/81,12.1,13.09
4/17/81,12.4,12.74
4/18/81,13.2,12.49
4/19/81,13.8,12.92
4/20/81,11.28,11.42
4/21/81,9.34,9
4/22/81,10,10.69
4/23/81,9.87,10.62
4/24/81,11.56,9.52
4/25/81,8.81,9.63
4/26/81,7.05,6.71
4/27/81,10.72,8.48
4/28/81,9.72,9.23
4/29/81,10.63,9.9
4/30/81,7.4,6.65
5/1/81,8.13,8.52
5/2/81,11.9,11.11
5/3/81,14.91,14.56
5/4/81,8.13,9.26
5/5/81,10,9.72
5/6/81,13.5,14.6
5/7/81,12,11.85
5/8/81,10.5,9.27
5/9/81,10.43,10.73
5/10/81,7.68,6.64
5/11/81,10.17,10.1
5/12/81,10.32,9.11
5/13/81,4.75,5.23
5/14/81,7.36,6.19
5/15/81,8.5,8.16
5/16/81,11.83,13.06
5/17/81,9.8,9.77
5/18/81,6.77,6.57
5/19/81,3.96,5.14
5/20/81,2.1,2.56
5/21/81,3.47,4.38
5/22/81,4.9,5.4
5/23/81,8.73,9.6
5/24/81,11.5,12.3
5/25/81,12.3,11.37
5/26/81,12.14,12.6
5/27/81,11,10.36
5/28/81,10.78,11.48
5/29/81,11.4,11.4
5/30/81,11.75,12.72
5/31/81,13.69,11.35
6/1/81,11.6,13.4
6/2/81,10.6,10.46
6/3/81,9.55,9.8
6/4/81,11.2,11.98
6/5/81,5.7,5.48
6/6/81,8.04,7.01
6/7/81,3.29,2.99
6/8/81,4.04,4.95
6/9/81,5,4.17
6/10/81,11,10.34
6/11/81,5.7,6.62
6/12/81,7.7,8.28
6/13/81,9.93,9.45
6/14/81,11.46,10.94
6/15/81,9.2,9.2
6/16/81,6.1,6.38
6/17/81,2.48,1.71
6/18/81,4.3,4.11
6/19/81,6.3,6.3
6/20/81,3.7,2.23
6/21/81,4.4,4.03
6/22/81,7.33,7.35
6/23/81,4.07,4.03
6/24/81,5.37,5.8
6/25/81,6.2,5.27
6/26/81,6.45,5.53
6/27/81,8.53,7.73
6/28/81,9.32,9.99
6/29/81,8.77,9.14
6/30/81,9.5,11.5
7/1/81,10.68,9.76
7/2/81,10.44,10.04
7/3/81,6.5,6.5
7/4/81,6.35,6.34
7/5/81,8.32,7.4
7/6/81,7.45,10.01
7/7/81,7.02,7.97
7/8/81,9.07,7.83
7/9/81,8.9,8.41
7/10/81,3.67,4.6
7/11/81,5.84,6.56
7/12/81,4.89,6.59
7/13/81,5.67,4.92
7/14/81,6.08,6.25
7/15/81,6.85,6.73
7/16/81,6.2,7.36
7/17/81,8.8,8.8
7/18/81,5,4.54
7/19/81,6.44,7.4
7/20/81,10.48,9.7
7/21/81,12.48,11.05
7/22/81,9,9
7/23/81,8.9,8.89
7/24/81,9.54,9.91
7/25/81,9,8.43
7/26/81,9.4,9.44
7/27/81,7.91,7.3
7/28/81,7.04,8.06
7/29/81,6.1,4.88
7/30/81,3.45,3.5
7/31/81,2.8,3.49
8/1/81,5.87,4.79
8/2/81,7.78,7.7
8/3/81,9,10.01
8/4/81,9.55,10
8/5/81,6.2,6.14
8/6/81,7.69,7.75
8/7/81,5.71,7.12
8/8/81,6.8,6.35
8/9/81,7,5.45
8/10/81,5.2,5.2
8/11/81,2.07,2.67
8/12/81,6.03,5.6
8/13/81,7.9,6.74
8/14/81,9.42,9.92
8/15/81,8.22,7.7
8/16/81,10.74,10.3
8/17/81,10.5,10.89
8/18/81,7.6,8.32
8/19/81,9.7,10.44
8/20/81,12.5,11.76
8/21/81,7.55,7.4
8/22/81,8.37,8.81
8/23/81,3.47,3.56
8/24/81,7.52,6.29
8/25/81,4.6,6.44
8/26/81,7,7.32
8/27/81,6,5.61
8/28/81,4.72,5.91
8/29/81,7.74,8.32
8/30/81,4.74,4.41
8/31/81,6.87,5.65
9/1/81,8,8
9/2/81,10.47,10.3
9/3/81,9.8,9.93
9/4/81,9.82,8.93
9/5/81,8.5,7.56
9/6/81,6.68,7.19
9/7/81,11.2,10.24
9/8/81,14.58,14.6
9/9/81,10.87,13.47
9/10/81,8.15,7.8
9/11/81,12.3,11.25
9/12/81,9.67,9.74
9/13/81,12.42,12.49
9/14/81,7.79,7.2
9/15/81,10.9,10.83
9/16/81,14.1,14.33
9/17/81,11.01,11.35
9/18/81,16.88,17.72
9/19/81,10.5,10.5
9/20/81,6.5,6.25
9/21/81,11,11.35
9/22/81,6.3,8.03
9/23/81,10.73,10.48
9/24/81,7.2,6.18
9/25/81,7.6,8.37
9/26/81,10.7,9.33
9/27/81,6.99,7.63
9/28/81,9.62,9.6
9/29/81,11.06,11.98
9/30/81,11.88,14.06
10/1/81,9.71,9.68
10/2/81,13.2,13.2
10/3/81,8.41,8.22
10/4/81,6.2,6.2
10/5/81,11.78,12.68
10/6/81,13.1,14.03
10/7/81,14.55,14.3
10/8/81,6.96,6.56
10/9/81,13.34,13.14
10/10/81,7.01,8.95
10/11/81,6.2,7.01
10/12/81,5.38,6.07
10/13/81,10,10.56
10/14/81,13.3,13.3
10/15/81,9.21,8.48
10/16/81,9.61,9.35
10/17/81,8.6,9.17
10/18/81,7.3,5.45
10/19/81,10.91,10.53
10/20/81,11.66,9.99
10/21/81,12.27,13.2
10/22/81,11.4,11.4
10/23/81,8.25,9.61
10/24/81,5.62,5.68
10/25/81,8.66,8.4
10/26/81,9.7,9.7
10/27/81,13.02,12.09
10/28/81,13.4,12.5
10/29/81,10.73,10.76
10/30/81,11,11.43
10/31/81,11.63,11.01
11/1/81,9.16,9.2
11/2/81,11.33,12.12
11/3/81,13.6,11.91
11/4/81,13.05,13.7
11/5/81,10.4,10.4
11/6/81,11.04,11.5
11/7/81,8.58,6.86
11/8/81,9.6,8.92
11/9/81,13.35,14.24
11/10/81,15.7,16.34
11/11/81,10.8,11.24
11/12/81,10.5,10.5
11/13/81,9.7,10.49
11/14/81,9.46,9.5
11/15/81,11.72,12.28
11/16/81,7.91,9.9
11/17/81,8.4,9.62
11/18/81,11.9,11.9
11/19/81,11.7,11.7
11/20/81,13.86,13.14
11/21/81,12.6,12.73
11/22/81,10.1,10.1
11/23/81,15.8,17.66
11/24/81,13,12.57
11/25/81,11.9,11.05
11/26/81,9.42,11.17
11/27/81,13.19,13.82
11/28/81,17.8,17.8
11/29/81,15,14.57
11/30/81,13.54,14.31
12/1/81,13.4,14.25
12/2/81,9.57,12.39
12/3/81,13.54,16.17
12/4/81,11.5,11.31
12/5/81,13.5,12.05
12/6/81,14.19,15.1
12/7/81,14.7,14.81
12/8/81,12.36,11.74
12/9/81,12.5,11.33
12/10/81,14.28,13.21
12/11/81,14.37,14.93
12/12/81,17,16.23
12/13/81,9.7,10.78
12/14/81,12.1,12.58
12/15/81,13.68,12.8
12/16/81,11.2,11.44
12/17/81,16.25,16.57
12/18/81,15.6,15.32
12/19/81,13.28,11.92
12/20/81,11,11.12
12/21/81,11.19,11.95
12/22/81,14.08,15.64
12/23/81,12.46,12.92
12/24/81,15,14.27
12/25/81,14.2,14.2
12/26/81,14,14.57
12/27/81,15.5,15.5
12/28/81,13.52,13.3
12/29/81,15.6,15.6
12/30/81,14.52,16.3
12/31/81,18.02,16.45
1/1/82,17.77,17
1/2/82,15,14.27
1/3/82,13.04,14.29
1/4/82,15.46,13.76
1/5/82,13.89,12.01
1/6/82,12.83,12.5
1/7/82,14.1,15.03
1/8/82,14.8,13.67
1/9/82,17.18,18.14
1/10/82,15.91,16.08
1/11/82,19.01,19.04
1/12/82,22.2,21.56
1/13/82,15.24,15.9
1/14/82,13,13.76
1/15/82,13.96,16.03
1/16/82,15.71,15.8
1/17/82,24,25.21
1/18/82,18,18
1/19/82,19.79,18.97
1/20/82,25.2,25.2
1/21/82,20.5,20.26
1/22/82,19.3,19.3
1/23/82,15.95,15.01
1/24/82,16.62,17
1/25/82,17.86,17.76
1/26/82,12.44,12.47
1/27/82,13.82,14.36
1/28/82,12.93,12.08
1/29/82,17.88,17.1
1/30/82,16.2,15.55
1/31/82,14,13.01
2/1/82,15.32,14.45
2/2/82,12.59,13.3
2/3/82,14.8,14.19
2/4/82,15.39,15.39
2/5/82,12.66,12.61
2/6/82,14.29,13.6
2/7/82,19.17,17.63
2/8/82,23.45,23.59
2/9/82,17.2,17.2
2/10/82,13.5,14.26
2/11/82,15.31,15.4
2/12/82,17.99,17.87
2/13/82,19.2,18.44
2/14/82,22.43,23.06
2/15/82,26.3,27.07
2/16/82,18.15,18.2
2/17/82,16.9,17
2/18/82,14.72,14
2/19/82,12.57,12.8
2/20/82,15.5,15.5
2/21/82,15.6,15.49
2/22/82,12.79,11.42
2/23/82,15.91,15.66
2/24/82,13.49,14.36
2/25/82,11.95,12.32
2/26/82,14.6,14.8
2/27/82,10.4,11.58
2/28/82,13.34,13.52
3/1/82,12.78,10.24
3/2/82,12.62,13.21
3/3/82,8.87,10.4
3/4/82,14.18,13.27
3/5/82,21.68,22.14
3/6/82,18.51,19.5
3/7/82,17.16,16.7
3/8/82,19.79,17.46
3/9/82,10.68,10.92
3/10/82,8.72,9
3/11/82,9.25,10
3/12/82,14.68,15.59
3/13/82,12.5,11.87
3/14/82,18.03,17.43
3/15/82,19.2,19.32
3/16/82,22.08,22.12
3/17/82,15.7,15.55
3/18/82,14.21,14.67
3/19/82,10.2,9.18
3/20/82,13.26,13.55
3/21/82,17.3,17.5
3/22/82,20.24,18.79
3/23/82,15.16,15.6
3/24/82,12.28,13.2
3/25/82,14.5,14.5
3/26/82,16.15,16.99
3/27/82,16.53,18.32
3/28/82,14.13,14.18
3/29/82,14.2,14.2
3/30/82,14.18,14.3
3/31/82,9.21,9.39
4/1/82,9.79,10.4
4/2/82,12.3,11.41
4/3/82,11.22,11.9
4/4/82,11.84,9.99
4/5/82,7.79,7.54
4/6/82,12.38,12
4/7/82,12.4,12.4
4/8/82,12.23,10.97
4/9/82,9.94,11.63
4/10/82,15.7,13.99
4/11/82,13.6,13.68
4/12/82,12.4,12.4
4/13/82,13.78,13.86
4/14/82,15.34,15.81
4/15/82,19.18,19.5
4/16/82,14.2,15.15
4/17/82,9.56,9.3
4/18/82,10.1,9.34
4/19/82,8.35,7.4
4/20/82,9.58,8.98
4/21/82,7.8,9.11
4/22/82,9.21,8.48
4/23/82,13,13.58
4/24/82,16.89,16.97
4/25/82,13.74,12.34
4/26/82,6.9,6.9
4/27/82,6.13,6.81
4/28/82,8.93,8.7
4/29/82,9.34,10
4/30/82,11.58,10.8
5/1/82,7.27,5.73
5/2/82,6.96,6.3
5/3/82,11.9,11.82
5/4/82,13.09,14.26
5/5/82,11.98,11.95
5/6/82,10.51,10.87
5/7/82,10.57,9.52
5/8/82,8.22,8.56
5/9/82,5.65,4.26
5/10/82,7.98,7.97
5/11/82,8.19,8.84
5/12/82,10.8,11.68
5/13/82,11.4,9.31
5/14/82,9.1,9.88
5/15/82,4.06,3.7
5/16/82,4.65,3.39
5/17/82,7.15,6.6
5/18/82,14.03,13.15
5/19/82,14.8,14.79
5/20/82,7.91,6.86
5/21/82,8.4,8.4
5/22/82,6.93,6.48
5/23/82,7.4,8.92
5/24/82,8.58,9.53
5/25/82,10.43,11.78
5/26/82,12.33,12.47
5/27/82,13.4,13.54
5/28/82,14,12.07
5/29/82,13.13,11.5
5/30/82,12.16,11.36
5/31/82,7.39,7.99
6/1/82,7.01,7.01
6/2/82,9,9.84
6/3/82,3.1,2.73
6/4/82,2.5,4.19
6/5/82,-0.92,1.83
6/6/82,2.5,1.6
6/7/82,2.19,3.33
6/8/82,6.27,5.7
6/9/82,1.67,2.3
6/10/82,5.45,4.5
6/11/82,8.2,9.55
6/12/82,6.22,7.3
6/13/82,7.3,6.32
6/14/82,6,6.88
6/15/82,6.37,8.21
6/16/82,7.6,8.52
6/17/82,8.01,9.27
6/18/82,8,9.16
6/19/82,6.59,6.8
6/20/82,7.92,6.36
6/21/82,5.96,6.2
6/22/82,7.11,6.8
6/23/82,8.47,7.9
6/24/82,3.65,5.88
6/25/82,0.59,1.3
6/26/82,0.12,-0.18
6/27/82,4.3,4.55
6/28/82,7.3,7.14
6/29/82,8.55,8.3
6/30/82,9,10.57
7/1/82,4.2,4.2
7/2/82,1.6,0.26
7/3/82,2.6,1.27
7/4/82,3.4,3.16
7/5/82,3.45,4.66
7/6/82,6.73,7
7/7/82,7.8,8.07
7/8/82,4.63,4.8
7/9/82,2.4,2.64
7/10/82,2.01,2.8
7/11/82,4.52,4.9
7/12/82,8.11,7.5
7/13/82,7.8,7.8
7/14/82,5.92,5.91
7/15/82,2.39,4.15
7/16/82,5.07,5.33
7/17/82,4.29,2.79
7/18/82,3.63,3.94
7/19/82,5.75,5.49
7/20/82,0.2,1.19
7/21/82,0.13,1.02
7/22/82,1.15,0.9
7/23/82,4.31,4.6
7/24/82,6.99,7.21
7/25/82,9.87,9.5
7/26/82,9.47,10.97
7/27/82,3.87,3.5
7/28/82,4.45,4.5
7/29/82,6.2,6.62
7/30/82,5.6,5.6
7/31/82,7.1,5.18
8/1/82,10.5,9.05
8/2/82,8.82,8.3
8/3/82,9.1,9.67
8/4/82,3.66,2.91
8/5/82,2.42,3.26
8/6/82,4.5,4.41
8/7/82,3.38,3.8
8/8/82,2.86,4.69
8/9/82,7.03,6.69
8/10/82,11.5,11.5
8/11/82,10.2,10.4
8/12/82,7.44,9.47
8/13/82,8.92,9.16
8/14/82,10.08,9.97
8/15/82,6,6.39
8/16/82,8.2,7.41
8/17/82,9.18,7.83
8/18/82,4.34,3.55
8/19/82,6.6,6.84
8/20/82,9.4,9.5
8/21/82,12.39,13.2
8/22/82,7.37,6.68
8/23/82,5.33,4.19
8/24/82,12.1,12.1
8/25/82,11.77,12.38
8/26/82,8.5,9.26
8/27/82,4.76,4.08
8/28/82,7.52,8.88
8/29/82,14.62,13.25
8/30/82,12.7,12.58
8/31/82,8.03,7.6
9/1/82,4,4
9/2/82,9.57,9.33
9/3/82,11.32,10.38
9/4/82,4.24,5.04
9/5/82,5.15,5.39
9/6/82,8.2,8.01
9/7/82,4.16,4.95
9/8/82,9,9.29
9/9/82,5.87,5.35
9/10/82,5.85,3.01
9/11/82,7.72,8.45
9/12/82,9.19,9
9/13/82,3.6,3.99
9/14/82,6.8,6.7
9/15/82,5.98,7.8
9/16/82,9.84,10.1
9/17/82,15,14.49
9/18/82,8.9,9.02
9/19/82,5.7,6.61
9/20/82,4.15,4.89
9/21/82,4.41,2.17
9/22/82,5.05,4.44
9/23/82,6.83,6.3
9/24/82,8.5,7.5
9/25/82,11.5,9.62
9/26/82,8.22,7.7
9/27/82,9.2,9.2
9/28/82,7.73,7.8
9/29/82,6.3,5.65
9/30/82,6.3,6.41
10/1/82,9.23,8.6
10/2/82,5.58,6.77
10/3/82,13.2,13.2
10/4/82,10.36,11.56
10/5/82,4.7,3.9
10/6/82,6.07,5.1
10/7/82,15.18,14.9
10/8/82,10.7,11.42
10/9/82,8.6,7.67
10/10/82,10.02,10.51
10/11/82,5.49,6.51
10/12/82,10.9,11.46
10/13/82,13.55,13.1
10/14/82,10.4,9.48
10/15/82,7.56,7.55
10/16/82,10.71,9.8
10/17/82,7.62,6.21
10/18/82,5.39,4.22
10/19/82,8.97,8.74
10/20/82,7.9,9.61
10/21/82,8.7,9.49
10/22/82,10,10
10/23/82,10.8,10.6
10/24/82,8,7.67
10/25/82,10.2,11
10/26/82,15.59,13.27
10/27/82,13.11,12.62
10/28/82,10.01,8.25
10/29/82,9,9.17
10/30/82,12.57,13.5
10/31/82,6.01,7.29
11/1/82,10.6,12.26
11/2/82,7.18,6.9
11/3/82,9.92,10.48
11/4/82,12.03,12.5
11/5/82,13.78,14.06
11/6/82,16.87,18.54
11/7/82,15.79,16
11/8/82,11.3,12.17
11/9/82,10.5,10
11/10/82,14.85,13.73
11/11/82,10.3,10.89
11/12/82,9,9.99
11/13/82,10.95,11.49
11/14/82,14.5,14.5
11/15/82,18,17.88
11/16/82,13.51,11.64
11/17/82,10.55,10.15
11/18/82,9.1,9.72
11/19/82,9.48,8.51
11/20/82,12.4,13.31
11/21/82,13.15,13
11/22/82,10.3,10.58
11/23/82,14.56,12.83
11/24/82,15.86,17.27
11/25/82,16.43,15.8
11/26/82,12.95,12.44
11/27/82,12.5,12.5
11/28/82,12.2,12.2
11/29/82,14.05,14
11/30/82,16.1,16.1
12/1/82,15.9,15.5
12/2/82,9.58,11.6
12/3/82,10.5,11.41
12/4/82,11,11.34
12/5/82,11.9,11.9
12/6/82,13,12.08
12/7/82,12.79,12.48
12/8/82,10.6,10.41
12/9/82,13,12.64
12/10/82,12.51,13.05
12/11/82,12.2,14.06
12/12/82,12.36,11.33
12/13/82,18.99,19.38
12/14/82,16.18,16.12
12/15/82,15.3,15.3
12/16/82,13.9,13.56
12/17/82,15.8,16.53
12/18/82,13.95,14.16
12/19/82,12.22,11.73
12/20/82,13.7,13.94
12/21/82,11.9,13.02
12/22/82,10.25,12.19
12/23/82,15.6,14.72
12/24/82,14.7,15.3
12/25/82,13.45,13.96
12/26/82,13,12.55
12/27/82,15.3,15.53
12/28/82,16.94,16.91
12/29/82,15.8,16.76
12/30/82,16.84,18.06
12/31/82,15.9,16.3
1/1/83,18.4,18.4
1/2/83,14.18,15
1/3/83,11.28,11.11
1/4/83,11.87,10.2
1/5/83,13.87,14.43
1/6/83,11.27,11.67
1/7/83,12.8,12.8
1/8/83,16.2,17.16
1/9/83,14.93,15.5
1/10/83,12.84,11.26
1/11/83,10.5,12.24
1/12/83,9.8,7.23
1/13/83,10.53,11.67
1/14/83,11.51,11.8
1/15/83,12.26,11.95
1/16/83,12.7,11.87
1/17/83,10.89,10.54
1/18/83,14.44,12.39
1/19/83,13.3,13.3
1/20/83,11.65,11.6
1/21/83,15.4,14.12
1/22/83,13.23,11.81
1/23/83,16.9,15.8
1/24/83,14.7,14.7
1/25/83,10.6,11.02
1/26/83,14.91,15.25
1/27/83,10.77,11.52
1/28/83,12.6,10.69
1/29/83,13.8,13.35
1/30/83,13.49,15.59
1/31/83,14.33,14.93
2/1/83,18.58,17.78
2/2/83,16.37,17.3
2/3/83,12.53,12.07
2/4/83,16.76,16.59
2/5/83,14.25,15.7
2/6/83,16.2,16.2
2/7/83,20.3,20.97
2/8/83,22.5,23.19
2/9/83,17.27,15.6
2/10/83,16.25,15.76
2/11/83,17.02,18.42
2/12/83,12.94,14.22
2/13/83,13.73,12.8
2/14/83,14.02,14.78
2/15/83,17.5,16.91
2/16/83,22.46,22
2/17/83,16.8,16.42
2/18/83,14.53,14.57
2/19/83,14.5,15.37
2/20/83,14.2,14.02
2/21/83,16.37,15.7
2/22/83,19.7,19.64
2/23/83,17.35,17.4
2/24/83,14.14,14.86
2/25/83,16.9,17.25
2/26/83,19.1,19.1
2/27/83,20.18,20.83
2/28/83,20.1,18.59
3/1/83,20.84,20.48
3/2/83,22.32,22.24
3/3/83,21.04,20.36
3/4/83,22.35,23.01
3/5/83,20.6,19.54
3/6/83,14.39,15.69
3/7/83,19.84,20.6
3/8/83,21.27,21.8
3/9/83,15.88,16.77
3/10/83,14.5,13.94
3/11/83,14.5,13.4
3/12/83,20.59,21.36
3/13/83,15.53,15.9
3/14/83,16.18,15.24
3/15/83,13.4,11.62
3/16/83,13.7,14.8
3/17/83,12.85,12.53
3/18/83,15.2,14.68
3/19/83,17.07,16.76
3/20/83,15.5,14.3
3/21/83,16.7,17.02
3/22/83,16.27,16.18
3/23/83,15.1,15.1
3/24/83,13.65,11.61
3/25/83,9.57,8.37
3/26/83,11.5,9.63
3/27/83,12.51,11.88
3/28/83,11.06,10.82
3/29/83,10.54,10.89
3/30/83,13.28,13.82
3/31/83,13.17,13.93
4/1/83,12.03,12.98
4/2/83,12.08,12
4/3/83,7.8,7.8
4/4/83,11.1,11.74
4/5/83,11.23,11.88
4/6/83,7.41,7.14
4/7/83,7.44,4.9
4/8/83,5.93,5.46
4/9/83,8.57,10.42
4/10/83,14.59,16.19
4/11/83,15.41,15.5
4/12/83,11.1,11.04
4/13/83,12.63,12.67
4/14/83,11.7,10.7
4/15/83,10.16,11.68
4/16/83,6.2,6.52
4/17/83,6.7,6.7
4/18/83,7.22,6.73
4/19/83,8.8,8.8
4/20/83,8.47,8
4/21/83,10.4,9.11
4/22/83,14.44,13.61
4/23/83,15.61,15.75
4/24/83,13.25,14.78
4/25/83,11.3,10.61
4/26/83,12.74,13.09
4/27/83,13.23,14.21
4/28/83,9.62,9.92
4/29/83,10.58,10.52
4/30/83,11.03,11.18
5/1/83,13.25,12.5
5/2/83,14.15,14.42
5/3/83,14.41,14.59
5/4/83,13.22,11.85
5/5/83,10.34,10.7
5/6/83,13.78,12.13
5/7/83,10.76,12.87
5/8/83,13,14.79
5/9/83,11.2,12.22
5/10/83,14.28,13.25
5/11/83,13.51,11.96
5/12/83,6.31,8.55
5/13/83,10,10
5/14/83,14.5,14.5
5/15/83,11.06,11.09
5/16/83,7.29,6.24
5/17/83,5.47,3.04
5/18/83,4.48,5.6
5/19/83,6.73,7.4
5/20/83,8.3,8.52
5/21/83,7.29,9.42
5/22/83,6.16,6.2
5/23/83,7.8,7.8
5/24/83,12.9,13.12
5/25/83,11.9,12.78
5/26/83,6.93,6.5
5/27/83,8.3,6.97
5/28/83,11.83,12.09
5/29/83,8.65,10.3
5/30/83,7.5,7.83
5/31/83,10.26,9.3
6/1/83,10.48,11.12
6/2/83,10.9,10.5
6/3/83,6.26,6.09
6/4/83,7.6,6.96
6/5/83,5.6,5.6
6/6/83,6.96,8.13
6/7/83,8.63,9.23
6/8/83,6.51,7
6/9/83,8.3,9.81
6/10/83,7.8,7.83
6/11/83,3.83,4.41
6/12/83,6.8,4.84
6/13/83,6.66,7.87
6/14/83,8.3,7.73
6/15/83,9.5,8.74
6/16/83,4.61,4.7
6/17/83,2.29,2.9
6/18/83,2.45,1.5
6/19/83,2.5,1.62
6/20/83,7.09,5.09
6/21/83,12.26,11.5
6/22/83,6.4,6.06
6/23/83,7.37,7.52
6/24/83,8.74,9.94
6/25/83,8.53,6.74
6/26/83,3.03,2.69
6/27/83,3.75,3.9
6/28/83,6.03,6.58
6/29/83,4,4.7
6/30/83,5.5,5.22
7/1/83,8.23,7.63
7/2/83,9.11,10.26
7/3/83,9.44,8.79
7/4/83,7.44,5.56
7/5/83,7.67,8.43
7/6/83,7.81,8
7/7/83,9.28,7.41
7/8/83,9.68,9.6
7/9/83,8.3,7.67
7/10/83,2.11,1.8
7/11/83,4.18,6.58
7/12/83,6.01,6.29
7/13/83,5.74,7.2
7/14/83,8.4,9.14
7/15/83,6.81,6.62
7/16/83,8.02,7.18
7/17/83,4.1,2.44
7/18/83,4.71,5.4
7/19/83,7.29,6
7/20/83,3.01,5.48
7/21/83,2.5,1.89
7/22/83,4.34,5.3
7/23/83,6.74,6.5
7/24/83,0.28,-0.53
7/25/83,1.55,1.23
7/26/83,8.13,7.94
7/27/83,12.3,12.3
7/28/83,8.55,9.2
7/29/83,9.3,8.77
7/30/83,9.41,9.5
7/31/83,10.76,9.95
8/1/83,8.24,7.54
8/2/83,8,8.57
8/3/83,8.3,6.85
8/4/83,8.3,8.78
8/5/83,5.04,4.16
8/6/83,6.03,6.77
8/7/83,9.4,9.15
8/8/83,9.9,8.61
8/9/83,10.5,10.21
8/10/83,10.15,11.73
8/11/83,9.9,10.08
8/12/83,8.57,8.08
8/13/83,5.8,4.7
8/14/83,8.5,8.69
8/15/83,13.18,13.8
8/16/83,14.3,14.76
8/17/83,8.3,7.6
8/18/83,5.3,3.75
8/19/83,3.93,2.02
8/20/83,4.88,4
8/21/83,9.6,12.21
8/22/83,11.1,10.78
8/23/83,10.24,10.5
8/24/83,9,9.74
8/25/83,13.58,12.35
8/26/83,7.28,5.66
8/27/83,8.66,7.87
8/28/83,6.9,6.85
8/29/83,7.82,8.3
8/30/83,11.71,12.82
8/31/83,10,9.76
9/1/83,10.1,10.1
9/2/83,9.87,11.49
9/3/83,10.92,10.9
9/4/83,5.36,5.7
9/5/83,9.5,9.5
9/6/83,9.55,9.89
9/7/83,11.3,11.95
9/8/83,11.97,11.45
9/9/83,10.71,11.73
9/10/83,9.28,9.2
9/11/83,9.1,10.1
9/12/83,5.5,4.74
9/13/83,7.52,8.11
9/14/83,7.07,7.06
9/15/83,4.64,4.07
9/16/83,5,5
9/17/83,10.38,11.45
9/18/83,7.5,7.5
9/19/83,12.45,12.58
9/20/83,13.89,13.6
9/21/83,9.11,8.45
9/22/83,9.47,8.74
9/23/83,12.9,13.24
9/24/83,7.17,7.7
9/25/83,7.22,8.95
9/26/83,3.91,5.46
9/27/83,10.42,9.71
9/28/83,15.52,14.7
9/29/83,10.6,10.05
9/30/83,9.73,9.38
10/1/83,9.3,9.74
10/2/83,13.67,13.27
10/3/83,7.7,7.29
10/4/83,9.5,9.5
10/5/83,7.8,6.61
10/6/83,7.81,7.27
10/7/83,6.87,6.37
10/8/83,5.72,4.36
10/9/83,6,4.21
10/10/83,8.64,9.93
10/11/83,9.1,9.1
10/12/83,13.5,11.19
10/13/83,13.82,12.23
10/14/83,16,16.88
10/15/83,11.9,13.26
10/16/83,11.8,11.77
10/17/83,10.6,10.6
10/18/83,10,10
10/19/83,11.33,12.2
10/20/83,9.39,8.9
10/21/83,10.16,9.37
10/22/83,7.42,7.01
10/23/83,12.24,11.08
10/24/83,11.93,12.6
10/25/83,13.17,12.6
10/26/83,11.7,11.7
10/27/83,14,14.34
10/28/83,11.8,12.76
10/29/83,9.23,9
10/30/83,9.14,9.31
10/31/83,9.63,9.8
11/1/83,10.99,12.79
11/2/83,10.6,8.82
11/3/83,11.99,11.34
11/4/83,11,12.68
11/5/83,8.82,7.34
11/6/83,7.59,7.51
11/7/83,13.6,14.66
11/8/83,15.43,13.1
11/9/83,10.9,11.56
11/10/83,7.82,7.15
11/11/83,10.97,10.2
11/12/83,11.38,12.68
11/13/83,10.8,10.8
11/14/83,12.91,13.07
11/15/83,12.29,13.28
11/16/83,8.7,7.29
11/17/83,5.96,5.85
11/18/83,10.01,11.7
11/19/83,7.3,7.98
11/20/83,10.73,10.89
11/21/83,10.7,10.19
11/22/83,16.2,16.2
11/23/83,15,15
11/24/83,14.5,15.34
11/25/83,15.74,15.9
11/26/83,14.9,12.91
11/27/83,14.2,14.2
11/28/83,15.19,17.34
11/29/83,17.68,16.56
11/30/83,16.94,18.3
12/1/83,11.33,10.38
12/2/83,11.47,11.32
12/3/83,13.95,13.11
12/4/83,13.2,14.06
12/5/83,12,11.67
12/6/83,14.41,14.14
12/7/83,12.48,13.44
12/8/83,12.1,10.35
12/9/83,14.55,13.85
12/10/83,10.9,11.92
12/11/83,11.82,11.99
12/12/83,15.71,15.84
12/13/83,15,15
12/14/83,10.62,10.39
12/15/83,13.9,13.5
12/16/83,14.06,15
12/17/83,14.82,16.73
12/18/83,14.86,14.1
12/19/83,13.3,13.34
12/20/83,20.4,20.4
12/21/83,17.99,17.7
12/22/83,12.81,12.2
12/23/83,16.62,18.27
12/24/83,13.35,14.11
12/25/83,16.88,15.61
12/26/83,15.73,14.55
12/27/83,13.26,12.81
12/28/83,11.1,11.1
12/29/83,16.1,17.65
12/30/83,20.51,20.84
12/31/83,18.1,16.08
1/1/84,18.67,20.43
1/2/84,17.1,17.06
1/3/84,17.02,15.69
1/4/84,12,12
1/5/84,11.25,9.87
1/6/84,16.3,17.07
1/7/84,16.57,16.84
1/8/84,13.41,12.76
1/9/84,13.8,15.36
1/10/84,15.2,14.33
1/11/84,11.71,12.52
1/12/84,14.46,13.93
1/13/84,16.71,14.59
1/14/84,18.51,19.8
1/15/84,18.05,18.13
1/16/84,18.93,18.49
1/17/84,11.4,11.89
1/18/84,11.9,11.09
1/19/84,12.57,11.95
1/20/84,15.03,14.8
1/21/84,13.26,14.6
1/22/84,12.7,13.42
1/23/84,10.5,9.98
1/24/84,13.8,13.8
1/25/84,18.8,18.9
1/26/84,14.67,13.9
1/27/84,11.38,11.26
1/28/84,11.15,11.4
1/29/84,15.48,14.13
1/30/84,12.15,12.14
1/31/84,11.56,11.19
2/1/84,14.27,14.35
2/2/84,10.63,11.93
2/3/84,12.47,13
2/4/84,15.08,16.4
2/5/84,13.63,13.74
2/6/84,15.5,15.05
2/7/84,18.71,18.8
2/8/84,15,15
2/9/84,16.67,15.27
2/10/84,15.83,15.5
2/11/84,15.69,15.8
2/12/84,16.6,16.94
2/13/84,13.6,14.5
2/14/84,14.73,13.24
2/15/84,14.15,15.23
2/16/84,15.36,15.35
2/17/84,16.6,15.73
2/18/84,13.68,14.99
2/19/84,16.07,16.87
2/20/84,18.79,20.87
2/21/84,18.27,19.16
2/22/84,14.5,15.05
2/23/84,17.46,16.5
2/24/84,14.1,14.61
2/25/84,13.5,13.68
2/26/84,11.45,11.87
2/27/84,15.94,15.18
2/28/84,11.85,11.2
2/29/84,13.5,11.89
3/1/84,12.58,12.16
3/2/84,9.27,8.8
3/3/84,11.33,11.18
3/4/84,11.5,10.58
3/5/84,15.18,14.5
3/6/84,19.5,20.54
3/7/84,13.75,13.97
3/8/84,13.68,13.55
3/9/84,11.14,10.16
3/10/84,13.8,13.8
3/11/84,11.28,11.83
3/12/84,16.49,15.6
3/13/84,11.1,9.1
3/14/84,11.79,12.74
3/15/84,14.2,14.2
3/16/84,11.26,11.36
3/17/84,13.71,13.27
3/18/84,13.8,15.32
3/19/84,14.25,16.88
3/20/84,14,12.22
3/21/84,12.89,12.34
3/22/84,13.8,13.9
3/23/84,16.6,16.11
3/24/84,18.4,17.96
3/25/84,9.36,10.59
3/26/84,10.26,11.15
3/27/84,7.48,7.24
3/28/84,7.83,9.62
3/29/84,14,12.93
3/30/84,15.41,15.3
3/31/84,10.17,11.1
4/1/84,9.07,9.57
4/2/84,9.38,10.5
4/3/84,9.2,9.2
4/4/84,8.2,9.04
4/5/84,10.43,9.84
4/6/84,12.83,14.17
4/7/84,12.5,11.78
4/8/84,9,10.72
4/9/84,9.3,8.83
4/10/84,10.47,10.1
4/11/84,11.2,13.12
4/12/84,12,12.28
4/13/84,10.31,11.1
4/14/84,11.02,11.61
4/15/84,12.14,13.67
4/16/84,9.61,10.24
4/17/84,13.7,12.86
4/18/84,11,12
4/19/84,13.2,13
4/20/84,12.82,13.12
4/21/84,10.97,10.2
4/22/84,12.61,12.58
4/23/84,9.69,9.75
4/24/84,10.18,10.47
4/25/84,10.3,10.38
4/26/84,9.33,7.95
4/27/84,11.88,11.67
4/28/84,12.52,12.47
4/29/84,6.5,6.5
4/30/84,8.67,9.1
5/1/84,13.53,14.39
5/2/84,14.08,13.97
5/3/84,9.1,8.47
5/4/84,4.8,4.6
5/5/84,2.63,2.43
5/6/84,3.63,2.06
5/7/84,4.94,4.42
5/8/84,4.93,5.5
5/9/84,7,7
5/10/84,9.5,9.67
5/11/84,10.87,8.46
5/12/84,5.58,5.64
5/13/84,5.37,6.54
5/14/84,5.62,5.38
5/15/84,6.27,4.25
5/16/84,7.1,7.1
5/17/84,7.5,7.76
5/18/84,8.93,10.29
5/19/84,8.68,7.99
5/20/84,9.3,9.5
5/21/84,11.13,12.68
5/22/84,9.5,9.5
5/23/84,9.3,9.14
5/24/84,8.5,9.19
5/25/84,8,8
5/26/84,9.8,10.14
5/27/84,6.2,6.87
5/28/84,7.42,8.38
5/29/84,10.85,10.9
5/30/84,9.04,9.15
5/31/84,8.7,8.7
6/1/84,8.6,10.72
6/2/84,10.8,10.72
6/3/84,11.49,12.4
6/4/84,7.7,5.86
6/5/84,7.2,7.2
6/6/84,11.58,10.43
6/7/84,8.32,9.67
6/8/84,9.89,9.34
6/9/84,3.71,3.9
6/10/84,4.35,5
6/11/84,7.51,8.2
6/12/84,3.01,2.88
6/13/84,3.4,4.84
6/14/84,8.5,7.35
6/15/84,10.26,12.13
6/16/84,3.81,5.91
6/17/84,5.87,5.36
6/18/84,10,10.02
6/19/84,5.87,6.54
6/20/84,1.94,3.26
6/21/84,6.23,6.97
6/22/84,7.81,8.3
6/23/84,8.6,9.64
6/24/84,9.1,10.1
6/25/84,8.26,9.22
6/26/84,7.2,7.2
6/27/84,6.83,8.51
6/28/84,8.62,7.8
6/29/84,9.54,10.5
6/30/84,9.4,8.58
7/1/84,7.59,7.14
7/2/84,2.6,1.98
7/3/84,2.4,2.68
7/4/84,3.03,4.35
7/5/84,1.48,1.81
7/6/84,1.88,0.74
7/7/84,7.25,8.4
7/8/84,7.02,8.93
7/9/84,9.42,10.26
7/10/84,9.24,7.53
7/11/84,8.35,8.26
7/12/84,8,8
7/13/84,0.15,0.6
7/14/84,0.1,-0.68
7/15/84,1.19,0.28
7/16/84,8.64,7.57
7/17/84,6.8,8.18
7/18/84,7.46,9.47
7/19/84,3.83,5.36
7/20/84,6.09,4.32
7/21/84,5.8,5.8
7/22/84,6.82,7.54
7/23/84,7.74,8.34
7/24/84,7.5,9.24
7/25/84,5.4,3.7
7/26/84,3.96,4.26
7/27/84,6.02,5.76
7/28/84,9.97,8.53
7/29/84,7.16,7
7/30/84,9.71,9.95
7/31/84,10.55,10.2
8/1/84,10.91,11.5
8/2/84,10.2,10.82
8/3/84,10.25,11.1
8/4/84,10.48,11.11
8/5/84,9.81,8.08
8/6/84,9.9,9.9
8/7/84,11.46,11.75
8/8/84,11.37,13.02
8/9/84,9.6,9.14
8/10/84,5.83,7.18
8/11/84,8.62,9.56
8/12/84,7.66,7.85
8/13/84,9.23,9.38
8/14/84,8.6,8
8/15/84,6.67,6.57
8/16/84,8,8
8/17/84,7.63,10.22
8/18/84,8.68,7.1
8/19/84,8.76,8.97
8/20/84,9,8.97
8/21/84,8.16,7.13
8/22/84,7.72,5.13
8/23/84,9.9,10.48
8/24/84,6.7,7.69
8/25/84,9.43,8.68
8/26/84,7.3,7.92
8/27/84,6.3,6.44
8/28/84,7.9,7.9
8/29/84,5.2,5.81
8/30/84,9.58,9.28
8/31/84,11.3,10.69
9/1/84,8.51,10.39
9/2/84,11.88,11.2
9/3/84,7.12,6.78
9/4/84,7.43,8
9/5/84,5.5,5.32
9/6/84,8.68,7.77
9/7/84,9.5,8.68
9/8/84,9.4,9.4
9/9/84,11.09,10.75
9/10/84,9.01,9.56
9/11/84,4.9,3.47
9/12/84,8.71,8.19
9/13/84,5.42,5.82
9/14/84,5.5,5.61
9/15/84,10.9,12.61
9/16/84,11.34,12.28
9/17/84,9.71,9.74
9/18/84,9.27,10.14
9/19/84,11.64,12.71
9/20/84,8.6,8.6
9/21/84,6.2,4.59
9/22/84,6.33,6.17
9/23/84,9.1,9.31
9/24/84,6.89,6.66
9/25/84,8.42,7.38
9/26/84,10.7,11.05
9/27/84,6.3,5.99
9/28/84,5.5,4.17
9/29/84,7.15,7.31
9/30/84,5.13,5.56
10/1/84,11.94,10.33
10/2/84,16.13,18.02
10/3/84,10.85,11.06
10/4/84,10.3,10.94
10/5/84,8.41,8.53
10/6/84,8.43,7.7
10/7/84,16,16
10/8/84,14.6,16.19
10/9/84,12.1,12.17
10/10/84,7.96,8.45
10/11/84,12.2,10.46
10/12/84,17.2,17.2
10/13/84,9.4,9.4
10/14/84,8.79,9.86
10/15/84,6.2,5.9
10/16/84,4.8,3.55
10/17/84,7.89,6.71
10/18/84,9.4,9.4
10/19/84,10.21,9.7
10/20/84,9.77,9.87
10/21/84,6.42,6.24
10/22/84,9.8,9.8
10/23/84,18.85,17.89
10/24/84,11.68,12.2
10/25/84,9.1,9.87
10/26/84,8.77,11
10/27/84,13.63,13.56
10/28/84,11.04,12.12
10/29/84,10,9.43
10/30/84,8.5,8.58
10/31/84,13.18,12.92
11/1/84,16.02,15.7
11/2/84,10.96,10.48
11/3/84,12.2,11.44
11/4/84,11.91,10.86
11/5/84,9.2,9.51
11/6/84,9.43,9.63
11/7/84,11.9,10.99
11/8/84,15.6,15.6
11/9/84,19,18.56
11/10/84,12.8,12.57
11/11/84,12.73,11.96
11/12/84,12,10.66
11/13/84,11.1,11.59
11/14/84,12.37,10.8
11/15/84,7.6,7.89
11/16/84,12.77,13
11/17/84,12.7,12.57
11/18/84,16.48,14.36
11/19/84,14.85,14.8
11/20/84,14.2,13.22
11/21/84,10.88,11.42
11/22/84,8.8,8.06
11/23/84,11.6,11.6
11/24/84,8.6,9.32
11/25/84,14.58,15.41
11/26/84,24.3,24.3
11/27/84,11.95,12.42
11/28/84,11.09,11.79
11/29/84,12.18,10.74
11/30/84,11,11.43
12/1/84,12.72,12.16
12/2/84,10.5,10.04
12/3/84,9.1,9.45
12/4/84,10.89,10.55
12/5/84,13,13
12/6/84,13.76,12.8
12/7/84,10.58,9.34
12/8/84,11.6,9.62
12/9/84,10.47,11.22
12/10/84,16.21,15.28
12/11/84,12.21,12.94
12/12/84,13.99,13.78
12/13/84,12.5,13.71
12/14/84,12.26,12.5
12/15/84,11.4,11.4
12/16/84,12.74,11.59
12/17/84,15.84,16.8
12/18/84,12.09,12.4
12/19/84,11.45,10.44
12/20/84,10.95,9.53
12/21/84,13.99,15.26
12/22/84,11.03,10.51
12/23/84,13.7,14.07
12/24/84,16.65,16.32
12/25/84,12.92,12.83
12/26/84,12.13,12.2
12/27/84,12.55,12.24
12/28/84,12.92,12.24
12/29/84,16.16,14.48
12/30/84,16.76,16.36
12/31/84,13.3,12.53
1/1/85,15.6,15.38
1/2/85,13.1,12.39
1/3/85,12.28,11.96
1/4/85,13.81,14.6
1/5/85,11,10.85
1/6/85,12.64,14.7
1/7/85,11.35,11.31
1/8/85,15.2,14.76
1/9/85,14.01,14.73
1/10/85,14.85,13.69
1/11/85,14.55,13.31
1/12/85,15.28,14.75
1/13/85,19.7,20.29
1/14/85,16.92,15.53
1/15/85,15.9,15.9
1/16/85,11,11.8
1/17/85,11.05,12
1/18/85,10.53,11.4
1/19/85,14.4,13.21
1/20/85,11.49,12.49
1/21/85,15.1,16.41
1/22/85,15.41,15.6
1/23/85,14.77,15.42
1/24/85,13.03,13.73
1/25/85,13.91,13.41
1/26/85,17.5,17.88
1/27/85,16.1,15.46
1/28/85,13.95,12.96
1/29/85,17.11,15.62
1/30/85,15.04,15.78
1/31/85,14.47,16.23
2/1/85,10.2,9.63
2/2/85,13.09,13.63
2/3/85,19.7,19.89
2/4/85,15.7,16.27
2/5/85,17.85,17.13
2/6/85,15.53,16.63
2/7/85,13.33,13.41
2/8/85,12.04,12.3
2/9/85,15.49,14.96
2/10/85,13.32,14.3
2/11/85,15.16,14.92
2/12/85,16,15.15
2/13/85,14.9,15.06
2/14/85,11.48,11.1
2/15/85,14.8,15.8
2/16/85,13.28,11.34
2/17/85,11.59,11.51
2/18/85,10.38,10.67
2/19/85,14.59,14.6
2/20/85,16.6,15.69
2/21/85,18.1,16.19
2/22/85,13.4,12.58
2/23/85,10.3,9.77
2/24/85,12.99,13.6
2/25/85,14.72,13.8
2/26/85,9.74,10.63
2/27/85,11,10.81
2/28/85,14.87,14.16
3/1/85,15.18,17.08
3/2/85,14.41,13.92
3/3/85,12.7,13.84
3/4/85,10.66,11.14
3/5/85,11.64,11.61
3/6/85,9.12,10.41
3/7/85,13.2,14.11
3/8/85,14.31,16.06
3/9/85,16.6,15.09
3/10/85,21,21.16
3/11/85,22.6,22.87
3/12/85,17,17
3/13/85,22.55,21.28
3/14/85,21.4,20.5
3/15/85,17.96,18.21
3/16/85,16.2,17.6
3/17/85,16.8,16.8
3/18/85,16.23,16.38
3/19/85,18.4,18.4
3/20/85,16.31,17.58
3/21/85,18.4,19.02
3/22/85,19.17,18.9
3/23/85,15.69,17.96
3/24/85,12.55,12.89
3/25/85,12.78,11.07
3/26/85,12.26,10.73
3/27/85,13.79,14.56
3/28/85,16.6,15.71
3/29/85,13.15,13.21
3/30/85,14.43,14.74
3/31/85,16.33,16.45
4/1/85,11.99,11.71
4/2/85,14.72,14.67
4/3/85,18.47,18.4
4/4/85,17.5,17.89
4/5/85,15.9,16.74
4/6/85,16.2,15.86
4/7/85,16,15.34
4/8/85,16.2,15.9
4/9/85,16.39,15.73
4/10/85,17.17,16.37
4/11/85,19.5,19.5
4/12/85,17.75,18.2
4/13/85,22.78,22.64
4/14/85,15.1,15.72
4/15/85,10.01,11
4/16/85,8.1,8.15
4/17/85,8.85,9.8
4/18/85,9.6,9.65
4/19/85,10.6,9.99
4/20/85,6.93,5.51
4/21/85,7.76,7.96
4/22/85,6.8,6.8
4/23/85,9.16,8.77
4/24/85,7.81,8.4
4/25/85,8.78,9.46
4/26/85,10.34,10
4/27/85,10.4,8.77
4/28/85,12,11.11
4/29/85,10.61,10.71
4/30/85,10.21,9.4
5/1/85,9.19,9.86
5/2/85,8.77,8.76
5/3/85,10.6,10.53
5/4/85,13.6,13.64
5/5/85,15.29,13.4
5/6/85,9.52,7.75
5/7/85,9.58,11.35
5/8/85,10.43,10.82
5/9/85,12.1,11.62
5/10/85,13.3,15.25
5/11/85,10.54,12.2
5/12/85,6.64,6.28
5/13/85,9.8,9.8
5/14/85,10.8,10.89
5/15/85,7.62,8.07
5/16/85,5.19,3.55
5/17/85,7.12,7.6
5/18/85,6.9,5.1
5/19/85,7.5,7.5
5/20/85,9.27,8.5
5/21/85,4.96,6.13
5/22/85,8.97,9.86
5/23/85,7.5,6.52
5/24/85,5.4,5.72
5/25/85,5.5,5.28
5/26/85,7.59,8.1
5/27/85,11.2,11.93
5/28/85,12.7,12.66
5/29/85,12.1,10.04
5/30/85,9.77,9.26
5/31/85,4.12,2.45
6/1/85,5.5,6.25
6/2/85,5.36,5.08
6/3/85,5.26,3.9
6/4/85,5.7,7.14
6/5/85,8.2,8.2
6/6/85,8.2,7.45
6/7/85,3.89,5.37
6/8/85,7.48,6.5
6/9/85,10.25,11.99
6/10/85,9.07,9.32
6/11/85,5.85,6.43
6/12/85,8.18,7.8
6/13/85,11.06,9.4
6/14/85,7.1,6.6
6/15/85,7.7,7.65
6/16/85,7.5,8.26
6/17/85,8.1,7.3
6/18/85,6.9,6.13
6/19/85,8.4,8.29
6/20/85,7.1,7.51
6/21/85,5.33,6.13
6/22/85,0.83,-1.4
6/23/85,1.6,0.83
6/24/85,7,7
6/25/85,7.8,8.3
6/26/85,7.53,7.12
6/27/85,11,10.6
6/28/85,10.12,10.92
6/29/85,10.43,11.56
6/30/85,11.3,11.94
7/1/85,11,11
7/2/85,10.7,10.13
7/3/85,7.3,8.3
7/4/85,4.87,4.95
7/5/85,4.7,4.7
7/6/85,5.32,4.54
7/7/85,7.7,7.58
7/8/85,7.48,7.5
7/9/85,5.39,4.9
7/10/85,6.43,5.9
7/11/85,8.66,7.8
7/12/85,5.8,5.23
7/13/85,7,7
7/14/85,7.43,7.45
7/15/85,7.01,6.2
7/16/85,7.01,6.87
7/17/85,4.16,4.8
7/18/85,3.3,4.03
7/19/85,3.22,2.47
7/20/85,6.57,7.85
7/21/85,8.4,10.35
7/22/85,1.22,0.77
7/23/85,0.3,0.3
7/24/85,2.1,1.96
7/25/85,8.43,8.8
7/26/85,1.93,1.4
7/27/85,4.1,3.56
7/28/85,10.57,9.64
7/29/85,6.75,7.34
7/30/85,6.61,6.1
7/31/85,7.13,7.78
8/1/85,5.1,3.43
8/2/85,6.45,6.3
8/3/85,6.9,5.58
8/4/85,11.1,13.13
8/5/85,9.52,11.38
8/6/85,9.85,10.83
8/7/85,9.5,9.64
8/8/85,6.94,8.41
8/9/85,7.36,6.56
8/10/85,3.06,4.24
8/11/85,5.6,7.14
8/12/85,7.36,4.94
8/13/85,8.4,7.47
8/14/85,11.16,12.74
8/15/85,7.4,7
8/16/85,8.8,9.59
8/17/85,8.6,9.54
8/18/85,8.56,8.3
8/19/85,4,3.51
8/20/85,3.61,3.36
8/21/85,6.25,5
8/22/85,9.88,10.6
8/23/85,6.78,7.31
8/24/85,9.32,10
8/25/85,9.96,9.56
8/26/85,7.61,7.2
8/27/85,10.5,10
8/28/85,4.31,4.41
8/29/85,5.3,3.86
8/30/85,9.08,10.35
8/31/85,10.3,10.62
9/1/85,8.21,9.88
9/2/85,8.5,10.2
9/3/85,8.09,8.58
9/4/85,8,8.43
9/5/85,10.09,8.13
9/6/85,6.7,6.45
9/7/85,4.8,4.8
9/8/85,9.9,11.17
9/9/85,12.8,14.43
9/10/85,11.83,11.08
9/11/85,12.29,12.02
9/12/85,11.28,10.63
9/13/85,11.05,10.1
9/14/85,7.92,7.64
9/15/85,7.5,7.5
9/16/85,4.75,5.93
9/17/85,6.32,7.2
9/18/85,10.33,9.23
9/19/85,7.6,6.57
9/20/85,9.72,7.03
9/21/85,8.2,7.59
9/22/85,6.6,7.67
9/23/85,11.96,11.89
9/24/85,13.1,13.71
9/25/85,6.44,6.7
9/26/85,5.63,6.91
9/27/85,7.74,9.32
9/28/85,8.7,10.56
9/29/85,6.94,6.23
9/30/85,9.84,10.5
10/1/85,7.78,8.47
10/2/85,8.05,7.65
10/3/85,11.56,11.4
10/4/85,16.2,16.59
10/5/85,5.32,5.29
10/6/85,8.94,9.16
10/7/85,11.1,10.79
10/8/85,13.6,11.89
10/9/85,11.13,11.66
10/10/85,14.55,15.43
10/11/85,11.6,11.6
10/12/85,7.3,8.76
10/13/85,8.17,7.65
10/14/85,10.31,10.15
10/15/85,16,16
10/16/85,15.1,16.64
10/17/85,12.36,12.8
10/18/85,6.16,5.27
10/19/85,7.75,7.45
10/20/85,8.4,9.72
10/21/85,9.06,10
10/22/85,12.21,11.59
10/23/85,10.27,10
10/24/85,11.16,10.2
10/25/85,6.5,7.41
10/26/85,9.72,9.15
10/27/85,11.19,12.55
10/28/85,14.7,13.29
10/29/85,11.4,11.13
10/30/85,6.84,7.61
10/31/85,7.4,8.23
11/1/85,11.11,11.17
11/2/85,8.35,9.05
11/3/85,12.43,12.6
11/4/85,15.94,16
11/5/85,17.1,16.27
11/6/85,16.02,15.48
11/7/85,13.26,13.97
11/8/85,15.49,15.3
11/9/85,13.2,12.95
11/10/85,14.4,13.49
11/11/85,14.83,14.12
11/12/85,15.62,15.99
11/13/85,21.11,21.1
11/14/85,9.65,9.35
11/15/85,9.6,9.01
11/16/85,12.09,12
11/17/85,11.4,10.93
11/18/85,11.74,10.92
11/19/85,13.99,13.78
11/20/85,10.5,9.65
11/21/85,10.1,9.22
11/22/85,8.96,8.8
11/23/85,13.82,13.7
11/24/85,16.33,16.2
11/25/85,16,16
11/26/85,13.09,14.23
11/27/85,13.7,13.7
11/28/85,12.5,12.06
11/29/85,13.27,11.36
11/30/85,12.41,13.4
12/1/85,15.2,15.2
12/2/85,15,14.1
12/3/85,15.91,16.97
12/4/85,16.77,17.37
12/5/85,15.07,14.42
12/6/85,18.2,18.2
12/7/85,16.9,16.4
12/8/85,17.04,16.66
12/9/85,14.39,15.69
12/10/85,15.68,16.47
12/11/85,14.53,15.54
12/12/85,13.5,12.65
12/13/85,14.23,13.93
12/14/85,14.52,13.13
12/15/85,13.96,13.73
12/16/85,12.1,12.1
12/17/85,12.4,11.98
12/18/85,14.2,13.4
12/19/85,14.2,14.68
12/20/85,15,13.67
12/21/85,14.02,13.7
12/22/85,11.7,12
12/23/85,13.23,13.45
12/24/85,12.82,13.2
12/25/85,13.3,13.52
12/26/85,11.5,11.45
12/27/85,11.32,10.66
12/28/85,11.31,11.41
12/29/85,17.02,16.24
12/30/85,13.83,14.53
12/31/85,12.9,12.25
1/1/86,13.34,13.08
1/2/86,10.31,9.77
1/3/86,12.6,12.05
1/4/86,13.7,14.23
1/5/86,12.86,13.58
1/6/86,13.1,13.1
1/7/86,15.4,15.46
1/8/86,11.9,12.88
1/9/86,13.8,14.25
1/10/86,14.73,14.47
1/11/86,14.73,15.2
1/12/86,12.77,12.5
1/13/86,13.06,11.68
1/14/86,16.05,17.04
1/15/86,13.85,15.36
1/16/86,11.46,11.6
1/17/86,13.56,13.1
1/18/86,11.87,12.79
1/19/86,15.2,13.34
1/20/86,14.42,14.86
1/21/86,15,14.95
1/22/86,13.76,13.5
1/23/86,11.46,11.64
1/24/86,14.94,13.39
1/25/86,13.44,13.9
1/26/86,16.19,14.3
1/27/86,13.8,12.92
1/28/86,16.75,15.33
1/29/86,17.58,16.7
1/30/86,16.09,15.11
1/31/86,14.16,14.06
2/1/86,15.73,15.73
2/2/86,11.27,9.85
2/3/86,11.88,12.51
2/4/86,13.97,14.12
2/5/86,14.4,14.49
2/6/86,12.67,13.63
2/7/86,15.22,15.8
2/8/86,16.84,16.58
2/9/86,11,11.8
2/10/86,14.91,14.5
2/11/86,11.24,10.7
2/12/86,14.2,13.64
2/13/86,19.5,17.94
2/14/86,21.81,22.15
2/15/86,17.17,17.9
2/16/86,17.6,17.82
2/17/86,12.7,12.7
2/18/86,13.8,13.88
2/19/86,14.09,14
2/20/86,15,14.94
2/21/86,14.34,13.57
2/22/86,13.48,13.1
2/23/86,11.4,13.29
2/24/86,11.51,13.31
2/25/86,11.68,11.15
2/26/86,13.5,13.4
2/27/86,14.4,14.4
2/28/86,17.7,17.14
3/1/86,13.9,13.77
3/2/86,14.1,13.9
3/3/86,14.6,14.6
3/4/86,16.4,15.53
3/5/86,16.8,17.4
3/6/86,20.21,18.54
3/7/86,13.49,10.77
3/8/86,12.7,13.24
3/9/86,10.81,11.7
3/10/86,12.79,12.24
3/11/86,7.99,8.47
3/12/86,11.9,12.22
3/13/86,15.24,14.6
3/14/86,15.6,16.55
3/15/86,13.53,12.3
3/16/86,12.24,12.43
3/17/86,10.54,11.5
3/18/86,16.15,15.6
3/19/86,16.02,15.84
3/20/86,18.96,18.61
3/21/86,17.4,17.79
3/22/86,16.5,15.95
3/23/86,15.79,17.06
3/24/86,15.61,16.1
3/25/86,12.53,12.29
3/26/86,17.26,17.76
3/27/86,12.26,13.94
3/28/86,11.7,13.06
3/29/86,17.62,16.04
3/30/86,15.6,17.29
3/31/86,10.65,9.7
4/1/86,10.3,10.98
4/2/86,15,15.16
4/3/86,17.39,17.54
4/4/86,14.44,14.64
4/5/86,10.27,11.61
4/6/86,11.49,13.34
4/7/86,8.18,6.45
4/8/86,11.18,11.6
4/9/86,7.4,7.4
4/10/86,14.27,13.25
4/11/86,12.51,10.44
4/12/86,8.45,10.53
4/13/86,12.3,12.3
4/14/86,19.33,18.86
4/15/86,12.64,13.38
4/16/86,12.67,12.7
4/17/86,12.03,12
4/18/86,12.82,11.51
4/19/86,10.25,9.67
4/20/86,12.7,10.95
4/21/86,13.46,14.12
4/22/86,10.6,10.79
4/23/86,12,12.66
4/24/86,11.55,11.5
4/25/86,7.48,7.97
4/26/86,10.67,10.5
4/27/86,8.47,10.97
4/28/86,6.9,6.9
4/29/86,9.67,10.31
4/30/86,11.17,11.1
5/1/86,8.21,10.4
5/2/86,7.59,7.39
5/3/86,10.46,9.47
5/4/86,9.5,10.4
5/5/86,8,8.34
5/6/86,8.85,10.07
5/7/86,13.23,12.4
5/8/86,12.9,12.9
5/9/86,11.51,11.74
5/10/86,6.9,6.7
5/11/86,10.5,11.9
5/12/86,10.13,11.61
5/13/86,9.11,8.96
5/14/86,11.84,11.1
5/15/86,11.5,12.02
5/16/86,13.4,13.08
5/17/86,10.9,11.95
5/18/86,12.06,12.23
5/19/86,12.1,10.48
5/20/86,10.44,10.37
5/21/86,9.52,9.89
5/22/86,8.94,9.86
5/23/86,10.72,10.61
5/24/86,7.84,8.5
5/25/86,6.3,4.91
5/26/86,8.2,8.59
5/27/86,11.22,10.7
5/28/86,10.3,10.23
5/29/86,9.5,9.15
5/30/86,10.9,10.9
5/31/86,11.72,10.15
6/1/86,3.36,3.65
6/2/86,5.62,4.68
6/3/86,11,9.37
6/4/86,11.6,11.6
6/5/86,10.17,10.41
6/6/86,8.93,10.73
6/7/86,10.27,10.67
6/8/86,10.24,11.13
6/9/86,9.5,9.82
6/10/86,9.18,10.51
6/11/86,9.6,9.6
6/12/86,7.17,8.8
6/13/86,7.81,6.9
6/14/86,7.62,5.93
6/15/86,6.5,6.9
6/16/86,7.59,8.07
6/17/86,7.6,6.61
6/18/86,8.6,8.82
6/19/86,5.7,6.85
6/20/86,5.36,4.91
6/21/86,5.33,6.27
6/22/86,5.95,5.19
6/23/86,6.6,6.25
6/24/86,6,5.27
6/25/86,6.9,5.54
6/26/86,8.24,7.8
6/27/86,7.25,8
6/28/86,3.11,3.98
6/29/86,0.8,0.11
6/30/86,2.79,4.15
7/1/86,8,8.23
7/2/86,9.99,10.64
7/3/86,11.34,11.4
7/4/86,8.74,8.6
7/5/86,4.95,3.96
7/6/86,5.7,7.52
7/7/86,5.7,3.99
7/8/86,5.39,4.6
7/9/86,5.26,5.8
7/10/86,7,6.97
7/11/86,5.14,4.8
7/12/86,3.4,3.56
7/13/86,4.89,4.48
7/14/86,7.9,6.77
7/15/86,9.88,9.81
7/16/86,4.94,5
7/17/86,7.65,8.52
7/18/86,8.89,10.9
7/19/86,10.46,9.03
7/20/86,8.8,9.56
7/21/86,6.18,5.88
7/22/86,9.4,9.4
7/23/86,10.24,9.53
7/24/86,3.29,3.44
7/25/86,2.1,1.57
7/26/86,5.53,5.31
7/27/86,6.42,6.92
7/28/86,7.8,8.34
7/29/86,6.98,7.27
7/30/86,9.3,10.13
7/31/86,9.3,10.21
8/1/86,10.49,9.85
8/2/86,7.74,7.48
8/3/86,9.15,10.32
8/4/86,7.64,7.67
8/5/86,10,7.46
8/6/86,8.16,9.16
8/7/86,3.27,3.5
8/8/86,4.29,3.19
8/9/86,2.23,2.5
8/10/86,2.64,1.83
8/11/86,2.01,3.27
8/12/86,2.97,3.94
8/13/86,5.3,5.23
8/14/86,7.7,7.39
8/15/86,9.1,8.63
8/16/86,9.21,9.4
8/17/86,7.77,7.3
8/18/86,8.4,7.41
8/19/86,9.2,9.63
8/20/86,6.6,7.09
8/21/86,9.7,9.7
8/22/86,12.52,12.07
8/23/86,10.2,9.88
8/24/86,5.52,5.9
8/25/86,6.92,7.81
8/26/86,6.55,7.63
8/27/86,9.4,8.86
8/28/86,13.11,11.23
8/29/86,4.67,4.33
8/30/86,5.57,5.11
8/31/86,8.38,8.3
9/1/86,10.73,9.8
9/2/86,9.58,7.94
9/3/86,10.76,12.03
9/4/86,10.07,11.63
9/5/86,9.22,10.75
9/6/86,6.75,5.64
9/7/86,9.14,7.82
9/8/86,6.89,7.03
9/9/86,9.1,8.28
9/10/86,9.6,9.6
9/11/86,6.99,6.86
9/12/86,10,8.74
9/13/86,11.24,10.04
9/14/86,6.2,6.2
9/15/86,9.04,8.3
9/16/86,11.26,9.91
9/17/86,11.71,9.82
9/18/86,6.54,6.58
9/19/86,6.6,6.63
9/20/86,11.36,11.26
9/21/86,6.9,5.79
9/22/86,10.46,10.6
9/23/86,7.95,8.49
9/24/86,10.73,11.04
9/25/86,12.5,12.5
9/26/86,9.9,10.3
9/27/86,7.72,6.9
9/28/86,5.7,6.44
9/29/86,8.01,8.12
9/30/86,11,12.92
10/1/86,17.19,16.32
10/2/86,9.52,9.9
10/3/86,8.7,8.25
10/4/86,9.63,10.5
10/5/86,11.46,12.2
10/6/86,10.02,8.61
10/7/86,7.71,8.67
10/8/86,5.54,5.01
10/9/86,8.81,9.76
10/10/86,6.4,6.4
10/11/86,6.36,7.96
10/12/86,12.64,13.08
10/13/86,12,12.88
10/14/86,6.69,6.89
10/15/86,9.7,10.28
10/16/86,8.83,6.6
10/17/86,14.45,14.24
10/18/86,9.68,9.4
10/19/86,8.73,8.25
10/20/86,7.48,8.53
10/21/86,12.6,12.9
10/22/86,5.2,4.3
10/23/86,7.04,7.5
10/24/86,8.7,7.68
10/25/86,7.1,8.34
10/26/86,8.84,9
10/27/86,7.48,7.2
10/28/86,11.14,10.7
10/29/86,13.1,13.01
10/30/86,13.9,13.9
10/31/86,11.8,10.8
11/1/86,9.93,9.58
11/2/86,8.2,8.71
11/3/86,16,16
11/4/86,21,20.51
11/5/86,15.34,17.85
11/6/86,8.21,8.24
11/7/86,9.2,10.4
11/8/86,13.26,13.3
11/9/86,9.86,10.15
11/10/86,11.53,12.2
11/11/86,9.58,9.1
11/12/86,12,12
11/13/86,10.06,11
11/14/86,14.8,14.8
11/15/86,15.11,13.08
11/16/86,14.9,15.43
11/17/86,10.3,10.95
11/18/86,9.8,10.92
11/19/86,10.57,10.5
11/20/86,9.06,8.22
11/21/86,8.54,9.66
11/22/86,11.83,12.26
11/23/86,12.8,12.8
11/24/86,9.11,10.78
11/25/86,14.34,14.62
11/26/86,11.6,11.6
11/27/86,10.96,11.2
11/28/86,12.6,12.08
11/29/86,8.11,7.5
11/30/86,11,12.09
12/1/86,15,14.6
12/2/86,17.9,18.5
12/3/86,15.4,15.19
12/4/86,13.1,14.62
12/5/86,15.53,17.13
12/6/86,20.2,19.54
12/7/86,11.5,12.06
12/8/86,12.4,14.01
12/9/86,10.9,11.19
12/10/86,12.65,10.85
12/11/86,12.2,12.2
12/12/86,13.36,12.16
12/13/86,9.7,9.4
12/14/86,8.63,7.16
12/15/86,15.53,13.73
12/16/86,12.21,10.23
12/17/86,10.3,10.53
12/18/86,11.16,11.42
12/19/86,10.75,11.01
12/20/86,13.17,12.8
12/21/86,11.23,9.83
12/22/86,10.18,9.17
12/23/86,12.42,13.66
12/24/86,10.13,9.55
12/25/86,14.69,14.92
12/26/86,15.38,14.23
12/27/86,14.04,14.2
12/28/86,13.2,11.72
12/29/86,11.7,10
12/30/86,16.64,17.66
12/31/86,12.3,12.07
1/1/87,12.87,12.05
1/2/87,15.3,15.91
1/3/87,16.09,16.04
1/4/87,16.2,15.48
1/5/87,15.97,16.3
1/6/87,16.8,16.8
1/7/87,11,11.27
1/8/87,8.5,8.47
1/9/87,13.94,14.11
1/10/87,13,12.88
1/11/87,12.4,12.39
1/12/87,13,14.36
1/13/87,15.7,14.82
1/14/87,12.26,12.65
1/15/87,13.06,13.09
1/16/87,15,15.9
1/17/87,11.8,11.38
1/18/87,11.6,10.4
1/19/87,11.6,12.06
1/20/87,13.7,15.17
1/21/87,10.47,11.29
1/22/87,12.4,12.4
1/23/87,11.2,12.45
1/24/87,13.21,13.82
1/25/87,16.34,16.18
1/26/87,12.8,13.05
1/27/87,11.5,12.26
1/28/87,11.59,9.6
1/29/87,12.7,12.7
1/30/87,14.9,15.07
1/31/87,16.5,17.32
2/1/87,13.69,12.8
2/2/87,12.36,13.08
2/3/87,12.7,12.7
2/4/87,11.68,11.6
2/5/87,13.3,13.33
2/6/87,15.2,15.66
2/7/87,15.66,17.67
2/8/87,12.22,11.9
2/9/87,15.66,14.9
2/10/87,11.15,12.05
2/11/87,13.59,13.7
2/12/87,12.1,11.39
2/13/87,15.29,16.85
2/14/87,16.67,16.78
2/15/87,15.74,16.6
2/16/87,14.93,15.6
2/17/87,14.86,14.4
2/18/87,18.07,17.7
2/19/87,20.91,21.08
2/20/87,12.95,12.9
2/21/87,11.21,12.07
2/22/87,10.35,7.66
2/23/87,11.49,12.44
2/24/87,10.4,10.4
2/25/87,11.35,11.5
2/26/87,12.84,14
2/27/87,15,14.29
2/28/87,14.1,14.25
3/1/87,12.4,12.4
3/2/87,14.2,12.57
3/3/87,12.5,13
3/4/87,14.17,14.3
3/5/87,17.37,17.6
3/6/87,9.88,11.2
3/7/87,9.9,9.9
3/8/87,10.2,8.59
3/9/87,11.3,11.54
3/10/87,9.5,10.35
3/11/87,11.8,12.46
3/12/87,10.71,11.5
3/13/87,10.31,11.89
3/14/87,11.06,10.87
3/15/87,13.1,12.53
3/16/87,18.42,19.7
3/17/87,19.24,18.94
3/18/87,15,15
3/19/87,12.66,14.08
3/20/87,12.12,11.26
3/21/87,13.23,13.56
3/22/87,13.3,13.11
3/23/87,11.92,11.68
3/24/87,10.08,10.3
3/25/87,12.76,11.22
3/26/87,11.31,10.79
3/27/87,14.72,15.6
3/28/87,10.2,11.86
3/29/87,11.71,11.1
3/30/87,12,11.41
3/31/87,13.62,13.26
4/1/87,11.79,11.31
4/2/87,12.5,12.22
4/3/87,13.7,14.52
4/4/87,14.43,15.04
4/5/87,20.93,20.12
4/6/87,15.63,15.35
4/7/87,14.85,13.86
4/8/87,10.07,10.1
4/9/87,7.57,7.6
4/10/87,13.04,13.57
4/11/87,18.08,15.87
4/12/87,16.36,15.86
4/13/87,10.77,9.22
4/14/87,10.34,10.01
4/15/87,7.92,7.89
4/16/87,10.4,10.4
4/17/87,9.61,10.1
4/18/87,14.1,14.12
4/19/87,7.84,7.1
4/20/87,7.34,8.1
4/21/87,7.8,7.74
4/22/87,10.6,10.6
4/23/87,8.79,9.1
4/24/87,9,9
4/25/87,11.9,13.19
4/26/87,17.5,15.57
4/27/87,17.77,16.48
4/28/87,13.5,13.7
4/29/87,12.15,13.34
4/30/87,7.58,8.84
5/1/87,9.7,8.93
5/2/87,9.42,9.77
5/3/87,11.76,10.72
5/4/87,10.71,10.62
5/5/87,11.2,11.76
5/6/87,9.52,10.01
5/7/87,7.1,7.1
5/8/87,9.46,8.89
5/9/87,9.8,9.8
5/10/87,10.6,10.51
5/11/87,12.8,12.78
5/12/87,16.76,16.5
5/13/87,12.52,10.91
5/14/87,13.23,12.88
5/15/87,12.59,11.11
5/16/87,11.8,12.56
5/17/87,10.7,10.89
5/18/87,10.54,11.71
5/19/87,10.18,8.75
5/20/87,8.1,7.94
5/21/87,6.68,6.6
5/22/87,9.5,9.5
5/23/87,11.88,11.56
5/24/87,7.49,8.04
5/25/87,9.3,8.42
5/26/87,4.12,6.54
5/27/87,4.3,4.08
5/28/87,6.33,6.99
5/29/87,11.61,8.86
5/30/87,7.8,6.81
5/31/87,8.5,6.62
6/1/87,8.94,10.37
6/2/87,10.8,9.61
6/3/87,11,11
6/4/87,10.2,10.9
6/5/87,6.36,6.6
6/6/87,6.1,6.27
6/7/87,5.9,6.47
6/8/87,8.9,8.55
6/9/87,13.25,13.99
6/10/87,13.02,12.33
6/11/87,4.62,5.01
6/12/87,6,6
6/13/87,7.97,7.99
6/14/87,9.34,9
6/15/87,4.2,5.29
6/16/87,3,2.58
6/17/87,4.5,4.5
6/18/87,5.39,7.09
6/19/87,11.09,12.52
6/20/87,12.47,11.11
6/21/87,8.92,10.22
6/22/87,8.87,10.4
6/23/87,9.4,8.41
6/24/87,7.61,7
6/25/87,9.22,7.62
6/26/87,9.19,8.69
6/27/87,7.75,6.85
6/28/87,6.81,9.36
6/29/87,7.24,7.79
6/30/87,7.46,8.28
7/1/87,1.99,1.92
7/2/87,3.9,3.01
7/3/87,4.1,3.84
7/4/87,4.41,5.73
7/5/87,5.25,5.34
7/6/87,4.59,3.69
7/7/87,4.95,4.1
7/8/87,5.05,6.72
7/9/87,9.1,8.52
7/10/87,8.13,8.11
7/11/87,5.98,5
7/12/87,3.24,2.8
7/13/87,4.43,4.44
7/14/87,8.53,8.99
7/15/87,5.31,7.27
7/16/87,7.33,6.54
7/17/87,8.45,9.49
7/18/87,9.47,8.74
7/19/87,6.3,5.81
7/20/87,7,7
7/21/87,6.4,6.35
7/22/87,6.54,6.94
7/23/87,1.5,1.82
7/24/87,3.45,3.82
7/25/87,5.5,5.03
7/26/87,6.89,7.19
7/27/87,6.69,5.7
7/28/87,7.89,7
7/29/87,9.71,9.14
7/30/87,9.39,7.2
7/31/87,8.22,9.5
8/1/87,9.6,9.04
8/2/87,8,8.92
8/3/87,8.87,8.2
8/4/87,7.51,9
8/5/87,9,7.86
8/6/87,6.21,5.01
8/7/87,9.35,9.67
8/8/87,8.75,8.7
8/9/87,5.9,4.9
8/10/87,6.35,6.62
8/11/87,7.99,7.5
8/12/87,7,6.58
8/13/87,9.1,8.68
8/14/87,11.6,12.6
8/15/87,10.6,11.26
8/16/87,5.71,4.83
8/17/87,3.94,2.86
8/18/87,4.3,3.36
8/19/87,8.81,9.77
8/20/87,5.61,4.62
8/21/87,8.71,8.35
8/22/87,8.25,8.99
8/23/87,9.89,9.91
8/24/87,9.88,10.4
8/25/87,7.7,9.71
8/26/87,10.1,10.71
8/27/87,10.42,10.34
8/28/87,10.69,10.35
8/29/87,5,6.58
8/30/87,6.79,7.61
8/31/87,5.66,5.4
9/1/87,5.54,5.8
9/2/87,7.18,6.68
9/3/87,5.34,6.3
9/4/87,4.11,5.24
9/5/87,6.75,8.23
9/6/87,8.92,8.66
9/7/87,9.5,7.86
9/8/87,10.13,9.92
9/9/87,6.11,7
9/10/87,9,9.9
9/11/87,10.72,10.2
9/12/87,7.71,6.87
9/13/87,9.04,10.85
9/14/87,9.66,11.38
9/15/87,10.7,10.7
9/16/87,7.8,6
9/17/87,9.2,9.99
9/18/87,15.97,15
9/19/87,7.81,7.34
9/20/87,5.3,5.85
9/21/87,10.4,9.5
9/22/87,7.45,6.04
9/23/87,13.04,14.96
9/24/87,14.9,14.9
9/25/87,14.77,15.46
9/26/87,18.72,19.09
9/27/87,16.23,15.72
9/28/87,13.1,13.71
9/29/87,10.96,11.2
9/30/87,10.32,8.63
10/1/87,10.71,10.3
10/2/87,9.3,9.3
10/3/87,11.3,10.43
10/4/87,6.5,6.5
10/5/87,12.1,10.64
10/6/87,8.3,9.23
10/7/87,7.78,8.76
10/8/87,9.28,8.7
10/9/87,10.2,8.83
10/10/87,6.24,8.84
10/11/87,4.17,6.51
10/12/87,10.98,10
10/13/87,7.21,7.24
10/14/87,13.95,13.96
10/15/87,14.19,12.66
10/16/87,9.9,9.14
10/17/87,10.16,10.1
10/18/87,11.27,9.75
10/19/87,11.17,10.4
10/20/87,11.51,11.67
10/21/87,8.88,9.4
10/22/87,9.76,10.48
10/23/87,11.07,11.4
10/24/87,14.3,13.09
10/25/87,10.63,9.8
10/26/87,13.91,12.91
10/27/87,10.08,10.51
10/28/87,11.08,11.4
10/29/87,9.03,10.82
10/30/87,14.4,14.19
10/31/87,19.14,20.39
11/1/87,23.68,23.99
11/2/87,15.08,15.4
11/3/87,8.75,10.21
11/4/87,10.8,10.8
11/5/87,12.11,12.38
11/6/87,11.07,11.25
11/7/87,12.6,13.28
11/8/87,13.95,14.7
11/9/87,10.85,11.07
11/10/87,9.31,10.53
11/11/87,11.4,11.48
11/12/87,13,11.13
11/13/87,11.9,10.72
11/14/87,9.51,9.5
11/15/87,13.5,13.84
11/16/87,15.2,15.2
11/17/87,19.18,18.54
11/18/87,24.8,23.56
11/19/87,14.1,13.67
11/20/87,10.7,11.21
11/21/87,7.78,8.7
11/22/87,12.95,13.78
11/23/87,11.6,10.99
11/24/87,10.54,9.68
11/25/87,10.9,10.53
11/26/87,11.5,12.9
11/27/87,10,8.85
11/28/87,13.9,12.95
11/29/87,13.6,12.84
11/30/87,11.25,13.2
12/1/87,10.7,11.1
12/2/87,7.24,7.93
12/3/87,10.35,8.74
12/4/87,12.7,12.7
12/5/87,11.3,13.01
12/6/87,11,9.07
12/7/87,11.3,10.46
12/8/87,13.4,13.72
12/9/87,14.9,14.85
12/10/87,15.01,14.95
12/11/87,13.22,14.83
12/12/87,14.9,15
12/13/87,16.72,16.54
12/14/87,17.7,18.12
12/15/87,20.5,19.03
12/16/87,14.83,15.47
12/17/87,12.5,11.1
12/18/87,11.01,11.95
12/19/87,12.8,12.22
12/20/87,12.7,11.79
12/21/87,11.2,12.48
12/22/87,11.66,11.07
12/23/87,10.88,11.88
12/24/87,11.71,12.1
12/25/87,12.7,14.21
12/26/87,16.36,16.35
12/27/87,14.43,15.17
12/28/87,15.21,12.94
12/29/87,12.77,12.38
12/30/87,16.04,18.1
12/31/87,15.3,14.81
1/1/88,14.3,14.95
1/2/88,13.5,15.01
1/3/88,15,13.61
1/4/88,13.6,13.6
1/5/88,15.55,14.64
1/6/88,17,17.19
1/7/88,17.79,18.94
1/8/88,17.43,14.59
1/9/88,18.24,17.68
1/10/88,18.92,19.15
1/11/88,19.08,18.27
1/12/88,21.63,21.73
1/13/88,21.14,23.21
1/14/88,21.89,20.9
1/15/88,18.58,17.86
1/16/88,15.63,16.27
1/17/88,16.58,16.6
1/18/88,16.2,16.49
1/19/88,15.6,16.55
1/20/88,14.01,14.5
1/21/88,14,14
1/22/88,15.07,16.27
1/23/88,12.3,10.79
1/24/88,11.48,11.05
1/25/88,12.47,12.97
1/26/88,14.9,14.04
1/27/88,17.39,17.12
1/28/88,21.4,21.96
1/29/88,22.49,24.16
1/30/88,14.4,14.72
1/31/88,14.1,13.45
2/1/88,14.78,15.69
2/2/88,14.08,14.82
2/3/88,15.1,15.1
2/4/88,13.78,14.89
2/5/88,13.4,13.96
2/6/88,10.15,10.24
2/7/88,12.2,10.5
2/8/88,15.1,15.38
2/9/88,11.16,12.34
2/10/88,14.33,13.93
2/11/88,16.08,16.3
2/12/88,16.74,16.67
2/13/88,13.97,15.22
2/14/88,12.87,11.26
2/15/88,11.8,13.35
2/16/88,14.52,13.6
2/17/88,15.56,16.2
2/18/88,14.1,14.59
2/19/88,13.5,13.1
2/20/88,14.73,13.19
2/21/88,14.81,15.65
2/22/88,16.08,15.97
2/23/88,17.01,16.14
2/24/88,12.77,14.9
2/25/88,15.3,15.67
2/26/88,19.08,16.52
2/27/88,16.68,16.31
2/28/88,16.95,15.9
2/29/88,12.75,11.3
3/1/88,15.6,16.4
3/2/88,14.62,14.9
3/3/88,15.05,14.65
3/4/88,12.32,12.7
3/5/88,14.13,13.65
3/6/88,16.8,17.09
3/7/88,16.7,18.62
3/8/88,16.2,17.94
3/9/88,14.5,15.31
3/10/88,10.97,9.26
3/11/88,13.21,12.7
3/12/88,12.68,13.88
3/13/88,12.26,12.51
3/14/88,13.34,14.11
3/15/88,15.46,12.76
3/16/88,15.52,15.7
3/17/88,15.3,15.14
3/18/88,13.9,13.48
3/19/88,13.7,13.26
3/20/88,15.1,16.31
3/21/88,15.6,16.15
3/22/88,15.32,14.29
3/23/88,13.03,13.67
3/24/88,16.2,16.2
3/25/88,17.28,14.73
3/26/88,15.1,13.57
3/27/88,16.4,17.71
3/28/88,17.08,16.8
3/29/88,19.14,16.83
3/30/88,16.88,18.06
3/31/88,17.5,16.5
4/1/88,14.6,13.75
4/2/88,16.4,15.95
4/3/88,14.09,11.91
4/4/88,15.49,15.34
4/5/88,11.9,10.33
4/6/88,14.63,14.32
4/7/88,8.79,9.67
4/8/88,7.26,4.7
4/9/88,7.9,8.36
4/10/88,11,10.79
4/11/88,15.7,15.94
4/12/88,14.32,14.97
4/13/88,15.9,15.56
4/14/88,11.48,9.94
4/15/88,7.99,8.47
4/16/88,8.6,9.52
4/17/88,12.7,13.47
4/18/88,10.97,12.02
4/19/88,11.78,12
4/20/88,11.1,11.1
4/21/88,13,13.28
4/22/88,12.4,13.4
4/23/88,13.08,12.51
4/24/88,16.47,15.93
4/25/88,12.32,11.22
4/26/88,14.04,12.15
4/27/88,17.6,19.25
4/28/88,15.06,14.06
4/29/88,13.7,13.54
4/30/88,15.85,15.97
5/1/88,13.5,13.77
5/2/88,14.03,15.81
5/3/88,16.27,15.85
5/4/88,16.27,16.4
5/5/88,14.5,14.5
5/6/88,12.6,12.6
5/7/88,13.6,13.6
5/8/88,10.81,11.2
5/9/88,11,12.5
5/10/88,11.29,10.03
5/11/88,7.46,6.8
5/12/88,10.34,11.26
5/13/88,12.27,12.22
5/14/88,13.5,12.78
5/15/88,11.68,11.96
5/16/88,13.24,13.39
5/17/88,12,12.13
5/18/88,9.88,10.4
5/19/88,10.32,10.58
5/20/88,8.2,7.53
5/21/88,9.4,9.4
5/22/88,9.79,10.13
5/23/88,7.51,8.1
5/24/88,9.25,9.32
5/25/88,11.64,12.6
5/26/88,11.77,10.57
5/27/88,9.27,7.96
5/28/88,9.49,8.66
5/29/88,5.42,6.1
5/30/88,7.65,7.8
5/31/88,10,9.31
6/1/88,11.76,10.07
6/2/88,11.1,10.3
6/3/88,11.76,11.5
6/4/88,9.54,10.1
6/5/88,10.66,9.85
6/6/88,8.7,7.79
6/7/88,8.88,9.52
6/8/88,8.95,9.5
6/9/88,8.77,7.43
6/10/88,5,6
6/11/88,5.84,4.66
6/12/88,12.94,12.1
6/13/88,9.13,7.91
6/14/88,6.18,5.36
6/15/88,2.8,2.9
6/16/88,3.44,3.7
6/17/88,6.8,6.67
6/18/88,6.6,5.32
6/19/88,7,7.16
6/20/88,7.3,7.49
6/21/88,7.9,7.9
6/22/88,10.6,10.98
6/23/88,8.86,8.1
6/24/88,5.99,6.7
6/25/88,8,7.63
6/26/88,10,10.81
6/27/88,6.7,7.06
6/28/88,9.4,9.76
6/29/88,8.65,8.7
6/30/88,6,5.77
7/1/88,5.31,5
7/2/88,4.9,4.04
7/3/88,4.73,4.77
7/4/88,8.15,8.2
7/5/88,12.3,12.2
7/6/88,13.46,13.3
7/7/88,11.4,11.4
7/8/88,6.8,6.8
7/9/88,7.08,7.42
7/10/88,13.23,13.74
7/11/88,7.1,6.52
7/12/88,8.27,6.56
7/13/88,10,8.73
7/14/88,5.46,5.3
7/15/88,6.3,6.97
7/16/88,8.77,7.22
7/17/88,8.3,8.07
7/18/88,9.3,8.91
7/19/88,9.5,9.58
7/20/88,6.37,6.65
7/21/88,6.27,7
7/22/88,7.87,8.07
7/23/88,9.47,6.89
7/24/88,8.38,7.4
7/25/88,8.19,9.96
7/26/88,9.6,8.94
7/27/88,9.7,9.7
7/28/88,7.3,7.93
7/29/88,7.62,7.93
7/30/88,9.2,9.73
7/31/88,10.44,10.22
8/1/88,8.1,9.54
8/2/88,9.32,8.75
8/3/88,9.97,10.6
8/4/88,5.1,4.14
8/5/88,6.7,6.53
8/6/88,7.62,7.17
8/7/88,6.25,6.8
8/8/88,8.6,8.6
8/9/88,9.1,10.04
8/10/88,3.9,4.04
8/11/88,5.56,4.46
8/12/88,8.6,8.87
8/13/88,11.66,11.6
8/14/88,12.85,13.88
8/15/88,12.4,12.4
8/16/88,10,11.43
8/17/88,9.21,10.1
8/18/88,9.7,9.7
8/19/88,12.37,11.69
8/20/88,7.93,7.02
8/21/88,9.57,8.82
8/22/88,7.81,7.02
8/23/88,5.8,4.84
8/24/88,8.7,9.74
8/25/88,9.95,10.8
8/26/88,6.02,5.71
8/27/88,8.8,10.3
8/28/88,10.47,10.79
8/29/88,9.12,8.65
8/30/88,11.8,12.44
8/31/88,15.2,15.18
9/1/88,10,10
9/2/88,9.58,11.1
9/3/88,6.38,5.23
9/4/88,9.37,11.3
9/5/88,8.78,8.41
9/6/88,4.69,3.8
9/7/88,12.59,12.92
9/8/88,14.77,15.2
9/9/88,13.79,11.29
9/10/88,10.68,10.77
9/11/88,6.8,6.6
9/12/88,5.16,3.59
9/13/88,5.2,3.83
9/14/88,7.75,5.79
9/15/88,10.22,10.17
9/16/88,9.36,8.87
9/17/88,10,9.65
9/18/88,9.8,8.8
9/19/88,6.36,4.89
9/20/88,13.5,14.28
9/21/88,16.7,17.47
9/22/88,8.82,8.91
9/23/88,8.2,8.2
9/24/88,11.1,10.27
9/25/88,10.24,11
9/26/88,8.8,9.85
9/27/88,10.39,9.82
9/28/88,8.18,8.88
9/29/88,12.4,12.29
9/30/88,9.3,8.22
10/1/88,13.92,13.5
10/2/88,14.8,15.62
10/3/88,11.63,10.82
10/4/88,8.5,8.8
10/5/88,5.88,6.05
10/6/88,12.35,12.7
10/7/88,11.1,11.95
10/8/88,8.7,8.7
10/9/88,12.88,12.88
10/10/88,14.17,14.06
10/11/88,5.6,5.41
10/12/88,13.7,12.87
10/13/88,9.4,8.21
10/14/88,11.2,11.13
10/15/88,9.2,8.7
10/16/88,11.72,11.87
10/17/88,11.81,11.89
10/18/88,8.2,8.07
10/19/88,15.27,15.6
10/20/88,11.13,10.17
10/21/88,10.98,11.91
10/22/88,9.95,10.42
10/23/88,6.61,4.74
10/24/88,14.3,13.19
10/25/88,11.3,10.75
10/26/88,7.67,7.3
10/27/88,11.88,11.83
10/28/88,11.9,11.8
10/29/88,13.45,13.75
10/30/88,11.6,9.99
10/31/88,13.19,12.11
11/1/88,15.5,16.22
11/2/88,13.5,14.07
11/3/88,8.94,10.45
11/4/88,7.2,6.2
11/5/88,11.8,12.03
11/6/88,16.95,16.44
11/7/88,12.5,13.42
11/8/88,9.4,10.19
11/9/88,10.99,12.57
11/10/88,10.87,9.72
11/11/88,16.17,16.71
11/12/88,17.5,17.5
11/13/88,7.5,7.5
11/14/88,9.23,10.1
11/15/88,11.66,9.36
11/16/88,10.87,12.68
11/17/88,10.56,10.7
11/18/88,15.7,14.97
11/19/88,12.33,12.79
11/20/88,13.73,13
11/21/88,12.9,13.47
11/22/88,14.33,14.36
11/23/88,13.42,13.7
11/24/88,11.58,11.62
11/25/88,11.9,11.9
11/26/88,12.6,10.77
11/27/88,11,11.13
11/28/88,10.95,9.79
11/29/88,11.55,12.54
11/30/88,12,12.56
12/1/88,16.96,17.02
12/2/88,16.8,17.56
12/3/88,16.2,16.55
12/4/88,13.32,13.26
12/5/88,12.03,12.37
12/6/88,12.4,13.37
12/7/88,16.1,16.1
12/8/88,19.66,22.04
12/9/88,14.3,13.44
12/10/88,10.1,11.24
12/11/88,14.4,14
12/12/88,16.1,16.06
12/13/88,19.09,19.76
12/14/88,20.7,22.41
12/15/88,23.9,24.2
12/16/88,16.73,16.69
12/17/88,16.75,17.78
12/18/88,14.13,14.9
12/19/88,13.6,13.6
12/20/88,11.77,12.44
12/21/88,15.2,15.2
12/22/88,17.13,17.95
12/23/88,19.59,20.81
12/24/88,16.54,15.86
12/25/88,9.21,9.12
12/26/88,13.65,12.9
12/27/88,12.06,12.9
12/28/88,13.91,15.14
12/29/88,13.18,13.5
12/30/88,13.9,14.31
12/31/88,16.64,17.4
1/1/89,18.42,18.1
1/2/89,17.06,17.64
1/3/89,11.06,12.62
1/4/89,10.47,9.5
1/5/89,12.78,12.2
1/6/89,16.36,15.7
1/7/89,16.22,15.34
1/8/89,12.93,13.6
1/9/89,11.89,13.3
1/10/89,13.94,13.77
1/11/89,12.1,13.24
1/12/89,14.04,13.4
1/13/89,17.52,15.86
1/14/89,19.4,18.64
1/15/89,16.6,16.6
1/16/89,13.17,15.9
1/17/89,13.1,13.19
1/18/89,16,16.78
1/19/89,14.07,15.8
1/20/89,15.52,15.46
1/21/89,12.23,12.6
1/22/89,11.68,11.05
1/23/89,14.23,14.71
1/24/89,16.86,16
1/25/89,15.97,16.34
1/26/89,20.1,20.72
1/27/89,20.03,21.23
1/28/89,16.9,16.3
1/29/89,16.5,15.46
1/30/89,15.3,14.8
1/31/89,14.53,15.16
2/1/89,16.18,15.45
2/2/89,14.71,15.7
2/3/89,14.28,14.83
2/4/89,13.2,13.2
2/5/89,16.8,17.03
2/6/89,18.13,16.75
2/7/89,15.98,16.7
2/8/89,16.28,14.34
2/9/89,16.84,14.3
2/10/89,15.79,15.2
2/11/89,18.18,16.67
2/12/89,18.99,19.99
2/13/89,20.33,20.22
2/14/89,19.4,19.4
2/15/89,19.18,20.1
2/16/89,21.5,21.12
2/17/89,15.7,13.83
2/18/89,15.12,14.02
2/19/89,16.1,16.16
2/20/89,14.54,13.68
2/21/89,13.18,11.65
2/22/89,15.63,15.33
2/23/89,17.09,15.99
2/24/89,13,13.2
2/25/89,14.99,15.8
2/26/89,18.5,17.82
2/27/89,20.21,20.4
2/28/89,22.47,21.3
3/1/89,19.7,19.61
3/2/89,19.24,19.6
3/3/89,19.55,20.3
3/4/89,17.98,18.87
3/5/89,19.74,18.9
3/6/89,19.72,20.84
3/7/89,21.63,20.54
3/8/89,17.43,16.79
3/9/89,17.05,18.03
3/10/89,16.99,16.25
3/11/89,11.83,13.21
3/12/89,15.35,16.89
3/13/89,14.25,16.08
3/14/89,14.8,14.85
3/15/89,12,12
3/16/89,12.5,11.62
3/17/89,15,15.17
3/18/89,16.63,18.49
3/19/89,17.3,18.18
3/20/89,16.66,16.9
3/21/89,17.36,16.5
3/22/89,13.91,14.14
3/23/89,13.2,11.31
3/24/89,9.4,9.4
3/25/89,8.54,8.64
3/26/89,11.56,11.61
3/27/89,11,10.21
3/28/89,9.7,9.38
3/29/89,13.36,11.65
3/30/89,13.3,13.24
3/31/89,15.06,15.41
4/1/89,13.79,14.77
4/2/89,14.2,13.27
4/3/89,19.2,18.73
4/4/89,11.73,12.45
4/5/89,15.07,15.05
4/6/89,11.9,11.52
4/7/89,13.9,14.9
4/8/89,12.72,13.85
4/9/89,14.76,15.96
4/10/89,13.9,12.3
4/11/89,14.82,13.66
4/12/89,12.9,14.78
4/13/89,8.5,6.67
4/14/89,11,13.39
4/15/89,10.9,11.21
4/16/89,12.88,12.22
4/17/89,8.6,6.61
4/18/89,9.22,10.46
4/19/89,8.72,9.04
4/20/89,10.2,10.2
4/21/89,9.8,9.17
4/22/89,9.03,7.3
4/23/89,11,11
4/24/89,12.45,12.41
4/25/89,14,13.97
4/26/89,15.94,15.83
4/27/89,13.74,15.38
4/28/89,12.52,12.42
4/29/89,14.83,13.26
4/30/89,14.6,12.62
5/1/89,10.85,11.8
5/2/89,14.4,14.82
5/3/89,10.07,12.26
5/4/89,10.3,10.44
5/5/89,10.8,11.4
5/6/89,10.5,9.01
5/7/89,9.9,8.66
5/8/89,11.98,12.4
5/9/89,13.09,14.21
5/10/89,11.7,13.44
5/11/89,11.07,10.79
5/12/89,11.11,11.4
5/13/89,9.5,9.48
5/14/89,8.3,9.01
5/15/89,9.06,8.05
5/16/89,11.7,11.7
5/17/89,11.68,11.92
5/18/89,7.4,7.48
5/19/89,5.57,3.98
5/20/89,11.59,11
5/21/89,9.39,9.5
5/22/89,9.2,9.51
5/23/89,11.4,10.62
5/24/89,9.09,8.68
5/25/89,10.2,9.68
5/26/89,10.3,10.3
5/27/89,11.61,11.94
5/28/89,13.2,12.6
5/29/89,6.1,5.27
5/30/89,2.96,2.3
5/31/89,1.15,0.83
6/1/89,2.53,1.86
6/2/89,6.6,7.09
6/3/89,8.9,8.9
6/4/89,8.55,7.68
6/5/89,8.9,9
6/6/89,10.3,9.94
6/7/89,7.4,6.96
6/8/89,7.2,7.2
6/9/89,8.48,9.68
6/10/89,8.8,9.5
6/11/89,6.2,5.57
6/12/89,8.56,9.7
6/13/89,10.71,10.84
6/14/89,9.02,9.13
6/15/89,11.2,10.93
6/16/89,10.83,10.15
6/17/89,10.73,10.52
6/18/89,8.1,8.1
6/19/89,7.31,8.51
6/20/89,5,5.03
6/21/89,4.51,3.87
6/22/89,4.39,5.55
6/23/89,4.5,3.79
6/24/89,1.54,1.09
6/25/89,2.32,2.38
6/26/89,-0.43,0.25
6/27/89,2.59,2.4
6/28/89,8.84,9.12
6/29/89,5.93,6.76
6/30/89,7.59,7.1
7/1/89,9.7,9.22
7/2/89,6.9,6.94
7/3/89,6.13,4.08
7/4/89,6.17,7.73
7/5/89,6.48,4.47
7/6/89,7,6.31
7/7/89,9.7,9.62
7/8/89,8.44,8
7/9/89,9.26,10.35
7/10/89,7.1,7.24
7/11/89,7.5,7.96
7/12/89,3.08,3.2
7/13/89,1.46,3.73
7/14/89,3.37,2.6
7/15/89,4.84,4.9
7/16/89,5.8,5.8
7/17/89,5.13,5.8
7/18/89,6.39,7.2
7/19/89,6.24,5.04
7/20/89,1.6,3.56
7/21/89,3.7,1.91
7/22/89,5.31,6.07
7/23/89,7.38,6.29
7/24/89,3.31,3.98
7/25/89,6.38,6.11
7/26/89,9.97,8.81
7/27/89,10.39,9.41
7/28/89,7.68,8.93
7/29/89,8.18,8.84
7/30/89,4.65,3.7
7/31/89,8.41,7.92
8/1/89,7.85,7.68
8/2/89,8.18,8.4
8/3/89,6.41,7.1
8/4/89,7.6,9.43
8/5/89,6.68,8.09
8/6/89,5.55,6.32
8/7/89,6.37,6.66
8/8/89,10.5,11.44
8/9/89,8.06,7.63
8/10/89,7.8,6.85
8/11/89,6.22,4.95
8/12/89,3.8,1.89
8/13/89,4.94,5.9
8/14/89,6.7,7.85
8/15/89,6.6,6.39
8/16/89,6.6,6.44
8/17/89,8.83,8.81
8/18/89,7.22,7.96
8/19/89,5.04,5.1
8/20/89,8.59,8.75
8/21/89,7,7.32
8/22/89,6.47,5.5
8/23/89,7.4,5.88
8/24/89,6.2,5.42
8/25/89,4.2,3.67
8/26/89,5.46,8.19
8/27/89,7,7
8/28/89,4.52,3.53
8/29/89,8.79,8.75
8/30/89,8.41,7.45
8/31/89,9.48,9.46
9/1/89,6.06,6.52
9/2/89,8.6,7.02
9/3/89,8.9,8.48
9/4/89,7.36,8.68
9/5/89,5.48,5
9/6/89,7,7.2
9/7/89,12.48,12.49
9/8/89,7.62,8.72
9/9/89,7.9,7.5
9/10/89,8.3,7.93
9/11/89,7.8,7.2
9/12/89,6.79,5.9
9/13/89,8.9,8.9
9/14/89,6.69,6.99
9/15/89,9.9,8.36
9/16/89,8.8,9.01
9/17/89,10.6,9.3
9/18/89,8.6,8.25
9/19/89,7.2,7.3
9/20/89,12.6,12.6
9/21/89,7.8,7.8
9/22/89,6.3,6.99
9/23/89,9.27,9.2
9/24/89,6.31,4.95
9/25/89,8.48,9
9/26/89,5,5.99
9/27/89,11.75,11.9
9/28/89,13.9,13.4
9/29/89,10.43,9.76
9/30/89,6.2,6.88
10/1/89,4.2,4.77
10/2/89,9.5,9.46
10/3/89,11.1,11.55
10/4/89,9.2,10.54
10/5/89,7.29,7.06
10/6/89,9.77,10.32
10/7/89,8.83,8.13
10/8/89,10.24,10.94
10/9/89,10.13,11.58
10/10/89,10.25,11.69
10/11/89,10.9,10.78
10/12/89,8.37,8
10/13/89,11.44,10.49
10/14/89,7.5,6.9
10/15/89,7.34,7.63
10/16/89,13.2,13.2
10/17/89,13.89,13.37
10/18/89,8.56,10.1
10/19/89,10.34,9.58
10/20/89,9.07,7.9
10/21/89,12.4,12.4
10/22/89,10.94,9.63
10/23/89,14.36,14.63
10/24/89,11.6,10.61
10/25/89,8.35,8.53
10/26/89,9.56,10.78
10/27/89,9.3,10.33
10/28/89,13.5,14.47
10/29/89,8.54,8.28
10/30/89,8.1,7.22
10/31/89,10,11.76
11/1/89,8.5,8.87
11/2/89,12.22,12.58
11/3/89,15.62,15.99
11/4/89,12.72,14.36
11/5/89,10.51,9.8
11/6/89,11.9,11.01
11/7/89,8.3,8.04
11/8/89,9.7,9.7
11/9/89,10.31,11.3
11/10/89,12.68,12.5
11/11/89,9.4,9.51
11/12/89,11.09,10.33
11/13/89,12.93,13.2
11/14/89,13.8,12.89
11/15/89,16.52,15.53
11/16/89,10.9,11.14
11/17/89,11,11.9
11/18/89,12.06,12.68
11/19/89,14.15,13.58
11/20/89,15.5,15.29
11/21/89,21.36,23.59
11/22/89,14.9,14.8
11/23/89,14.75,13.58
11/24/89,12.9,14.26
11/25/89,12.2,13.1
11/26/89,14.34,15
11/27/89,17.06,16.88
11/28/89,18.11,17.7
11/29/89,16.88,15.6
11/30/89,17.99,16.95
12/1/89,13.7,13.7
12/2/89,13.3,12.43
12/3/89,10.03,10.6
12/4/89,13.62,12.36
12/5/89,16.57,15.32
12/6/89,16.5,15.93
12/7/89,14.16,13.97
12/8/89,18.7,18.8
12/9/89,16.2,16.2
12/10/89,14.38,15.65
12/11/89,13.21,12.6
12/12/89,10.74,9.49
12/13/89,12.61,11.86
12/14/89,12.6,13.32
12/15/89,12.88,13.41
12/16/89,17.3,17.86
12/17/89,15.52,16.15
12/18/89,11.99,11.78
12/19/89,11.81,12.05
12/20/89,11.19,12.75
12/21/89,12,13.88
12/22/89,12.7,12.7
12/23/89,17.21,14.53
12/24/89,15.22,16
12/25/89,13.3,13.16
12/26/89,11.7,9.94
12/27/89,10.4,9.55
12/28/89,14.03,15.11
12/29/89,12.11,13.55
12/30/89,15.55,13.88
12/31/89,12.48,13.37
1/1/90,15.6,14.52
1/2/90,14.92,14.77
1/3/90,13.43,13.16
1/4/90,15.94,14.6
1/5/90,15.99,14.92
1/6/90,14.8,14.72
1/7/90,17.4,16.48
1/8/90,18.8,18.81
1/9/90,22.73,22.1
1/10/90,18.87,18.09
1/11/90,14.87,14.23
1/12/90,15.13,15.39
1/13/90,15.37,13.98
1/14/90,11.37,10.7
1/15/90,11.5,11.5
1/16/90,15.59,15.52
1/17/90,13.95,14.24
1/18/90,14.5,13.51
1/19/90,13.3,13.33
1/20/90,13.68,15.69
1/21/90,14.18,15.19
1/22/90,20.69,20.5
1/23/90,14.27,15
1/24/90,17.45,17.07
1/25/90,16.9,17.71
1/26/90,16.66,17.54
1/27/90,14.36,13.49
1/28/90,16.88,16.81
1/29/90,16.1,16.1
1/30/90,12.01,11.52
1/31/90,12.95,12.45
2/1/90,14.29,14.8
2/2/90,14.8,14.45
2/3/90,14.4,15.74
2/4/90,13.1,12.9
2/5/90,13.92,13.4
2/6/90,15.9,15.25
2/7/90,15.92,15.77
2/8/90,17.6,18.2
2/9/90,16.56,15.31
2/10/90,15.7,16.3
2/11/90,13,13
2/12/90,13.38,14.07
2/13/90,17.3,17.3
2/14/90,16.4,16.46
2/15/90,17.96,17.72
2/16/90,13.38,12.78
2/17/90,14.67,14.4
2/18/90,13.7,13.04
2/19/90,16.3,16.07
2/20/90,20.09,20.02
2/21/90,17.38,16.8
2/22/90,14.27,16.14
2/23/90,17.38,16.75
2/24/90,15.91,17.33
2/25/90,17.23,15.92
2/26/90,19.1,19.1
2/27/90,19.3,19.3
2/28/90,17.95,17.55
3/1/90,19,19.13
3/2/90,19.8,19.8
3/3/90,19.3,19.3
3/4/90,17.2,17.08
3/5/90,14.67,14.2
3/6/90,10.2,10.3
3/7/90,13.42,13
3/8/90,15.3,15.87
3/9/90,15.14,15.73
3/10/90,12.85,12.97
3/11/90,9.2,9.2
3/12/90,11,9.6
3/13/90,15,15.68
3/14/90,11.09,12.15
3/15/90,10.67,9.95
3/16/90,15.31,14.81
3/17/90,15.64,15.92
3/18/90,13.6,13.6
3/19/90,12.5,12.5
3/20/90,14.3,16.19
3/21/90,16.58,15.67
3/22/90,17.4,17.4
3/23/90,16.9,16.91
3/24/90,17.43,19.57
3/25/90,19.65,19.67
3/26/90,14.81,14.2
3/27/90,11.75,10.74
3/28/90,11.68,13.02
3/29/90,14.24,15.29
3/30/90,14.9,16.24
3/31/90,14.7,14.7
4/1/90,10.55,11
4/2/90,12.41,10.52
4/3/90,14.43,12.6
4/4/90,17.18,17.78
4/5/90,16.12,15.8
4/6/90,15.82,16.1
4/7/90,14.93,15.05
4/8/90,14.66,14.74
4/9/90,17.64,18.12
4/10/90,17.1,16.6
4/11/90,18.4,19.21
4/12/90,15.1,13.53
4/13/90,9.9,11.06
4/14/90,10.98,10.2
4/15/90,12.6,12.29
4/16/90,14.05,13.97
4/17/90,10.51,10.5
4/18/90,13.92,13.59
4/19/90,14.5,15.16
4/20/90,14.7,13.61
4/21/90,11.42,12.69
4/22/90,13.52,12.07
4/23/90,13.3,13.97
4/24/90,11.5,12.14
4/25/90,11.16,9.44
4/26/90,8.46,10.77
4/27/90,11.1,11.1
4/28/90,9.5,10
4/29/90,13,13.49
4/30/90,13.2,14.06
5/1/90,12.93,13.21
5/2/90,14.3,14.27
5/3/90,16,16.43
5/4/90,12.85,12.65
5/5/90,6.35,8.88
5/6/90,5.05,3.07
5/7/90,6.9,6.9
5/8/90,13.7,15.04
5/9/90,10.62,11.43
5/10/90,12.27,11.13
5/11/90,11.1,10.19
5/12/90,10.2,11.58
5/13/90,9.5,8.82
5/14/90,9.31,8.9
5/15/90,12.67,13.78
5/16/90,8.2,10.49
5/17/90,9.52,8.52
5/18/90,9.28,7.69
5/19/90,6.62,4.95
5/20/90,4,5.27
5/21/90,6.84,7.2
5/22/90,10.84,9.57
5/23/90,10.5,11.5
5/24/90,10.93,10.7
5/25/90,8.37,8.2
5/26/90,5.86,4.97
5/27/90,4.5,4.5
5/28/90,6.1,6.1
5/29/90,10.63,7.97
5/30/90,8.84,10.83
5/31/90,9.07,8.78
6/1/90,7.76,8.27
6/2/90,8.75,9.47
6/3/90,11.13,10.4
6/4/90,7.19,6.8
6/5/90,6,6.2
6/6/90,6.6,5.02
6/7/90,7.8,8
6/8/90,10.3,11.39
6/9/90,7.53,8.4
6/10/90,7.41,7.4
6/11/90,10.94,11.61
6/12/90,5.4,5.46
6/13/90,5.17,2.9
6/14/90,6.4,6.12
6/15/90,9.3,10.78
6/16/90,7.92,8.68
6/17/90,8.1,8.1
6/18/90,8.3,8.51
6/19/90,9.1,8.13
6/20/90,7.01,8.55
6/21/90,10.6,9.8
6/22/90,7.45,9.14
6/23/90,7.31,9.39
6/24/90,5.2,3.27
6/25/90,6.82,4.65
6/26/90,2.81,2.42
6/27/90,6.2,5.45
6/28/90,10.03,9.4
6/29/90,7.4,7.4
6/30/90,6.38,7.39
7/1/90,7.7,6.08
7/2/90,8.27,7.7
7/3/90,9.3,8.53
7/4/90,4.4,4.4
7/5/90,5.7,6.91
7/6/90,10.35,10.19
7/7/90,10.98,9.32
7/8/90,9.71,11.24
7/9/90,5.4,6.08
7/10/90,5.98,5
7/11/90,7.13,8.84
7/12/90,9.09,9.6
7/13/90,10.4,10.18
7/14/90,10.35,10.75
7/15/90,9.08,10.56
7/16/90,11.13,11.2
7/17/90,5.88,5.77
7/18/90,8.3,8.3
7/19/90,9.81,10.67
7/20/90,10.41,10.05
7/21/90,9.63,10.08
7/22/90,10.78,11.55
7/23/90,9.2,8.95
7/24/90,6.35,5.65
7/25/90,8.56,6.5
7/26/90,6.69,6.76
7/27/90,8.41,7.9
7/28/90,5.52,5.64
7/29/90,5.25,5.8
7/30/90,6.8,5.5
7/31/90,9.01,9.28
8/1/90,4.96,5.22
8/2/90,8.86,7.79
8/3/90,10.24,10.6
8/4/90,8.27,6.74
8/5/90,7.7,7.7
8/6/90,8.6,8.51
8/7/90,6.04,5.94
8/8/90,6.9,7.34
8/9/90,6.4,7.66
8/10/90,8.68,8.5
8/11/90,7.8,8.31
8/12/90,9.3,8.73
8/13/90,7.54,8.33
8/14/90,7.8,6.96
8/15/90,7.4,7.84
8/16/90,8.53,7.07
8/17/90,8.5,9.5
8/18/90,10.17,10.2
8/19/90,9.9,11.07
8/20/90,6.91,6.1
8/21/90,7.43,5.61
8/22/90,6.82,8
8/23/90,7.33,7.22
8/24/90,8.15,7
8/25/90,2.1,0.34
8/26/90,5.06,5.82
8/27/90,11.6,13.23
8/28/90,8.6,10.36
8/29/90,7.74,8.8
8/30/90,6,6.39
8/31/90,10.39,9.74
9/1/90,9.49,9.4
9/2/90,7.6,7.29
9/3/90,11.39,11.46
9/4/90,10.59,10.3
9/5/90,7.5,6.98
9/6/90,3,3.21
9/7/90,5.27,3.37
9/8/90,10.78,10.4
9/9/90,13.86,13.02
9/10/90,13.14,14.34
9/11/90,9.8,9.06
9/12/90,7.2,7.85
9/13/90,10.1,10.1
9/14/90,10.4,9.82
9/15/90,3.53,5.06
9/16/90,7.3,7.3
9/17/90,10.74,10.66
9/18/90,16.06,14.85
9/19/90,9.93,7.9
9/20/90,6.8,6.48
9/21/90,5.2,6.68
9/22/90,11.05,10.6
9/23/90,15.43,16.3
9/24/90,9.6,8.41
9/25/90,4.6,4.94
9/26/90,11.1,11.1
9/27/90,8.7,8.7
9/28/90,9.3,10.52
9/29/90,11.3,10.3
9/30/90,10.5,10.5
10/1/90,9.9,10.04
10/2/90,11.65,10.63
10/3/90,14.96,13.05
10/4/90,10.09,8.95
10/5/90,9.83,9.19
10/6/90,6.29,5.36
10/7/90,9.8,8.09
10/8/90,9.48,9.42
10/9/90,11.1,11.8
10/10/90,10.3,9.59
10/11/90,7.5,8.65
10/12/90,8.24,8.62
10/13/90,15.8,16.33
10/14/90,14.03,14.71
10/15/90,10.5,10.5
10/16/90,11.26,12.19
10/17/90,10.9,11.44
10/18/90,6.4,7.07
10/19/90,10.9,10.9
10/20/90,9.62,9.63
10/21/90,11,10.89
10/22/90,12.4,14.21
10/23/90,11.6,12.1
10/24/90,14.1,12.91
10/25/90,14.98,13.58
10/26/90,18.4,18.32
10/27/90,13.84,14.41
10/28/90,14.9,14.9
10/29/90,14.8,14.8
10/30/90,14.59,15.4
10/31/90,11.03,9.98
11/1/90,12.67,14.93
11/2/90,11.54,10.52
11/3/90,12.5,10.79
11/4/90,18.35,18.34
11/5/90,18.41,20.29
11/6/90,15.69,15.85
11/7/90,14.09,12.87
11/8/90,11.5,11.5
11/9/90,9.36,8.33
11/10/90,13.57,12.6
11/11/90,12.97,14.26
11/12/90,15.4,16.15
11/13/90,13.69,12.15
11/14/90,12.3,11.5
11/15/90,9.14,9.12
11/16/90,11.46,10.7
11/17/90,10.52,9.9
11/18/90,8.3,9.43
11/19/90,15,15.46
11/20/90,12.2,12.5
11/21/90,10.5,11.88
11/22/90,10.78,10.35
11/23/90,13,13
11/24/90,13.4,12.98
11/25/90,8.8,10.36
11/26/90,14.93,14.36
11/27/90,14.02,15.06
11/28/90,13.2,12.87
11/29/90,13.78,13.99
11/30/90,13.2,13.21
12/1/90,15.52,16.05
12/2/90,16.73,17.91
12/3/90,21.36,20.38
12/4/90,19.58,20.05
12/5/90,19.4,19.4
12/6/90,16.05,15.36
12/7/90,14.31,12.93
12/8/90,11,10.7
12/9/90,11.1,11.1
12/10/90,14,12.35
12/11/90,11.37,11.4
12/12/90,12.5,12.72
12/13/90,13.4,13.46
12/14/90,14.33,14.14
12/15/90,14.87,13.55
12/16/90,17.2,18.11
12/17/90,14.06,14.77
12/18/90,14.95,15.88
12/19/90,12.44,13.1
12/20/90,12.49,13.2
12/21/90,13.9,13.52
12/22/90,9.06,10.89
12/23/90,12.31,12.94
12/24/90,14.6,16.14
12/25/90,14.18,14.92
12/26/90,13.31,14.25
12/27/90,13.55,13.71
12/28/90,16.4,14.97
12/29/90,13,12.2